<mxfile host="app.diagrams.net" modified="2023-01-23T17:33:03.426Z" agent="5.0 (Windows NT 10.0; Win64; x64) AppleWebKit/537.36 (KHTML, like Gecko) Chrome/109.0.0.0 Safari/537.36" etag="7wSVjgIDouo5ftRVNvSA" version="20.8.10" type="github">
  <diagram name="Page-1" id="VU1UF1zI1WuiVfTqMVX0">
    <mxGraphModel dx="2603" dy="2537" grid="1" gridSize="10" guides="1" tooltips="1" connect="1" arrows="1" fold="1" page="1" pageScale="1" pageWidth="827" pageHeight="1169" math="0" shadow="0">
      <root>
        <mxCell id="0" />
        <mxCell id="1" parent="0" />
        <mxCell id="wBttp2-mLliqmfhjLBaT-1" value="" style="html=1;overflow=block;blockSpacing=1;whiteSpace=wrap;container=1;pointerEvents=0;collapsible=0;recursiveResize=0;fontSize=16.7;fontColor=#3a414a;spacing=0;strokeColor=#3a414a;strokeOpacity=100;fillOpacity=0;rounded=1;absoluteArcSize=1;arcSize=9;fillColor=#000000;strokeWidth=3.8;lucidId=j6jq6bdeZJHn;" parent="1" vertex="1">
          <mxGeometry x="480" y="-1080" width="905" height="1750" as="geometry" />
        </mxCell>
        <mxCell id="wBttp2-mLliqmfhjLBaT-2" style="edgeStyle=orthogonalEdgeStyle;rounded=0;orthogonalLoop=1;jettySize=auto;html=1;exitX=1;exitY=0.5;exitDx=0;exitDy=0;entryX=0;entryY=0.5;entryDx=0;entryDy=0;strokeWidth=4;dashed=1;dashPattern=1 1;" parent="wBttp2-mLliqmfhjLBaT-1" source="wBttp2-mLliqmfhjLBaT-3" target="wBttp2-mLliqmfhjLBaT-4" edge="1">
          <mxGeometry relative="1" as="geometry" />
        </mxCell>
        <mxCell id="wBttp2-mLliqmfhjLBaT-3" value="Log in " style="html=1;overflow=block;blockSpacing=1;whiteSpace=wrap;ellipse;fontSize=13;spacing=3.8;strokeColor=#3a414a;strokeOpacity=100;rounded=1;absoluteArcSize=1;arcSize=9;strokeWidth=3.8;lucidId=Z6jqtcnNxoFw;" parent="wBttp2-mLliqmfhjLBaT-1" vertex="1">
          <mxGeometry x="356" y="120" width="128" height="63" as="geometry" />
        </mxCell>
        <mxCell id="wBttp2-mLliqmfhjLBaT-4" value="Verify Password" style="html=1;overflow=block;blockSpacing=1;whiteSpace=wrap;ellipse;fontSize=13;spacing=3.8;strokeColor=#3a414a;strokeOpacity=100;rounded=1;absoluteArcSize=1;arcSize=9;strokeWidth=4;lucidId=TfkqRNu5ENkx;" parent="wBttp2-mLliqmfhjLBaT-1" vertex="1">
          <mxGeometry x="590" y="57" width="128" height="63" as="geometry" />
        </mxCell>
        <mxCell id="wBttp2-mLliqmfhjLBaT-5" style="edgeStyle=orthogonalEdgeStyle;rounded=0;orthogonalLoop=1;jettySize=auto;html=1;exitX=0;exitY=0.5;exitDx=0;exitDy=0;entryX=1;entryY=1;entryDx=0;entryDy=0;dashed=1;dashPattern=1 1;strokeWidth=4;" parent="wBttp2-mLliqmfhjLBaT-1" source="wBttp2-mLliqmfhjLBaT-6" target="wBttp2-mLliqmfhjLBaT-3" edge="1">
          <mxGeometry relative="1" as="geometry" />
        </mxCell>
        <mxCell id="wBttp2-mLliqmfhjLBaT-6" value="Display Log &lt;br&gt;in Error" style="html=1;overflow=block;blockSpacing=1;whiteSpace=wrap;ellipse;fontSize=13;spacing=3.8;strokeColor=#3a414a;strokeOpacity=100;rounded=1;absoluteArcSize=1;arcSize=9;strokeWidth=3.8;lucidId=TfkqRNu5ENkx;" parent="wBttp2-mLliqmfhjLBaT-1" vertex="1">
          <mxGeometry x="590" y="183" width="128" height="63" as="geometry" />
        </mxCell>
        <mxCell id="wBttp2-mLliqmfhjLBaT-7" value="&amp;lt;&amp;lt;include&amp;gt;&amp;gt;" style="text;html=1;align=center;verticalAlign=middle;resizable=0;points=[];autosize=1;strokeColor=none;fillColor=none;labelBackgroundColor=default;" parent="wBttp2-mLliqmfhjLBaT-1" vertex="1">
          <mxGeometry x="490" y="115" width="90" height="30" as="geometry" />
        </mxCell>
        <mxCell id="wBttp2-mLliqmfhjLBaT-8" value="&amp;lt;&amp;lt;extend&amp;gt;&amp;gt;" style="text;html=1;align=center;verticalAlign=middle;resizable=0;points=[];autosize=1;strokeColor=none;fillColor=none;labelBackgroundColor=default;" parent="wBttp2-mLliqmfhjLBaT-1" vertex="1">
          <mxGeometry x="490" y="183" width="90" height="30" as="geometry" />
        </mxCell>
        <mxCell id="wBttp2-mLliqmfhjLBaT-9" value="Check stock" style="html=1;overflow=block;blockSpacing=1;whiteSpace=wrap;ellipse;fontSize=13;spacing=3.8;strokeColor=#3a414a;strokeOpacity=100;rounded=1;absoluteArcSize=1;arcSize=9;strokeWidth=3.8;lucidId=TfkqRNu5ENkx;" parent="wBttp2-mLliqmfhjLBaT-1" vertex="1">
          <mxGeometry x="356" y="280" width="128" height="63" as="geometry" />
        </mxCell>
        <mxCell id="wBttp2-mLliqmfhjLBaT-10" value="Check stock condition" style="html=1;overflow=block;blockSpacing=1;whiteSpace=wrap;ellipse;fontSize=13;spacing=3.8;strokeColor=#3a414a;strokeOpacity=100;rounded=1;absoluteArcSize=1;arcSize=9;strokeWidth=3.8;lucidId=TfkqRNu5ENkx;" parent="wBttp2-mLliqmfhjLBaT-1" vertex="1">
          <mxGeometry x="356" y="400" width="128" height="63" as="geometry" />
        </mxCell>
        <mxCell id="wBttp2-mLliqmfhjLBaT-11" value="Review Requests" style="html=1;overflow=block;blockSpacing=1;whiteSpace=wrap;ellipse;fontSize=13;spacing=3.8;strokeColor=#3a414a;strokeOpacity=100;rounded=1;absoluteArcSize=1;arcSize=9;strokeWidth=3.8;lucidId=TfkqRNu5ENkx;" parent="wBttp2-mLliqmfhjLBaT-1" vertex="1">
          <mxGeometry x="356" y="550" width="128" height="63" as="geometry" />
        </mxCell>
        <mxCell id="wBttp2-mLliqmfhjLBaT-12" style="edgeStyle=orthogonalEdgeStyle;rounded=0;orthogonalLoop=1;jettySize=auto;html=1;exitX=0.5;exitY=0;exitDx=0;exitDy=0;entryX=0.5;entryY=1;entryDx=0;entryDy=0;strokeWidth=4;" parent="wBttp2-mLliqmfhjLBaT-1" source="wBttp2-mLliqmfhjLBaT-13" target="wBttp2-mLliqmfhjLBaT-11" edge="1">
          <mxGeometry relative="1" as="geometry" />
        </mxCell>
        <mxCell id="wBttp2-mLliqmfhjLBaT-13" value="Review request of Service" style="html=1;overflow=block;blockSpacing=1;whiteSpace=wrap;ellipse;fontSize=13;spacing=3.8;strokeColor=#3a414a;strokeOpacity=100;rounded=1;absoluteArcSize=1;arcSize=9;strokeWidth=3.8;lucidId=TfkqRNu5ENkx;" parent="wBttp2-mLliqmfhjLBaT-1" vertex="1">
          <mxGeometry x="228" y="710" width="128" height="63" as="geometry" />
        </mxCell>
        <mxCell id="wBttp2-mLliqmfhjLBaT-14" style="edgeStyle=orthogonalEdgeStyle;rounded=0;orthogonalLoop=1;jettySize=auto;html=1;exitX=0.5;exitY=0;exitDx=0;exitDy=0;entryX=0.5;entryY=1;entryDx=0;entryDy=0;strokeWidth=4;" parent="wBttp2-mLliqmfhjLBaT-1" source="wBttp2-mLliqmfhjLBaT-15" target="wBttp2-mLliqmfhjLBaT-11" edge="1">
          <mxGeometry relative="1" as="geometry" />
        </mxCell>
        <mxCell id="wBttp2-mLliqmfhjLBaT-15" value="Review request of It" style="html=1;overflow=block;blockSpacing=1;whiteSpace=wrap;ellipse;fontSize=13;spacing=3.8;strokeColor=#3a414a;strokeOpacity=100;rounded=1;absoluteArcSize=1;arcSize=9;strokeWidth=3.8;lucidId=TfkqRNu5ENkx;" parent="wBttp2-mLliqmfhjLBaT-1" vertex="1">
          <mxGeometry x="490" y="710" width="128" height="63" as="geometry" />
        </mxCell>
        <mxCell id="wBttp2-mLliqmfhjLBaT-16" value="Contact supplier" style="html=1;overflow=block;blockSpacing=1;whiteSpace=wrap;ellipse;fontSize=13;spacing=3.8;strokeColor=#3a414a;strokeOpacity=100;rounded=1;absoluteArcSize=1;arcSize=9;strokeWidth=3.8;lucidId=TfkqRNu5ENkx;" parent="wBttp2-mLliqmfhjLBaT-1" vertex="1">
          <mxGeometry x="356" y="910" width="128" height="63" as="geometry" />
        </mxCell>
        <mxCell id="wBttp2-mLliqmfhjLBaT-17" value="Send notification" style="html=1;overflow=block;blockSpacing=1;whiteSpace=wrap;ellipse;fontSize=13;spacing=3.8;strokeColor=#3a414a;strokeOpacity=100;rounded=1;absoluteArcSize=1;arcSize=9;strokeWidth=3.8;lucidId=TfkqRNu5ENkx;" parent="wBttp2-mLliqmfhjLBaT-1" vertex="1">
          <mxGeometry x="356" y="1017" width="128" height="63" as="geometry" />
        </mxCell>
        <mxCell id="wBttp2-mLliqmfhjLBaT-18" style="edgeStyle=orthogonalEdgeStyle;rounded=0;orthogonalLoop=1;jettySize=auto;html=1;exitX=0.5;exitY=0;exitDx=0;exitDy=0;entryX=0.5;entryY=1;entryDx=0;entryDy=0;strokeWidth=4;" parent="wBttp2-mLliqmfhjLBaT-1" source="wBttp2-mLliqmfhjLBaT-19" target="wBttp2-mLliqmfhjLBaT-17" edge="1">
          <mxGeometry relative="1" as="geometry" />
        </mxCell>
        <mxCell id="wBttp2-mLliqmfhjLBaT-19" value="Send notification to IT" style="html=1;overflow=block;blockSpacing=1;whiteSpace=wrap;ellipse;fontSize=13;spacing=3.8;strokeColor=#3a414a;strokeOpacity=100;rounded=1;absoluteArcSize=1;arcSize=9;strokeWidth=3.8;lucidId=TfkqRNu5ENkx;" parent="wBttp2-mLliqmfhjLBaT-1" vertex="1">
          <mxGeometry x="228" y="1180" width="128" height="63" as="geometry" />
        </mxCell>
        <mxCell id="wBttp2-mLliqmfhjLBaT-20" value="Send notification&amp;nbsp; to service&amp;nbsp;" style="html=1;overflow=block;blockSpacing=1;whiteSpace=wrap;ellipse;fontSize=13;spacing=3.8;strokeColor=#3a414a;strokeOpacity=100;rounded=1;absoluteArcSize=1;arcSize=9;strokeWidth=3.8;lucidId=TfkqRNu5ENkx;" parent="wBttp2-mLliqmfhjLBaT-1" vertex="1">
          <mxGeometry x="484" y="1180" width="128" height="63" as="geometry" />
        </mxCell>
        <mxCell id="wBttp2-mLliqmfhjLBaT-21" value="Send notif. to add item&lt;br&gt;" style="html=1;overflow=block;blockSpacing=1;whiteSpace=wrap;ellipse;fontSize=13;spacing=3.8;strokeColor=#3a414a;strokeOpacity=100;rounded=1;absoluteArcSize=1;arcSize=9;strokeWidth=3.8;lucidId=TfkqRNu5ENkx;" parent="wBttp2-mLliqmfhjLBaT-1" vertex="1">
          <mxGeometry x="356" y="1360" width="128" height="63" as="geometry" />
        </mxCell>
        <mxCell id="wBttp2-mLliqmfhjLBaT-22" value="Log out" style="html=1;overflow=block;blockSpacing=1;whiteSpace=wrap;ellipse;fontSize=13;spacing=3.8;strokeColor=#3a414a;strokeOpacity=100;rounded=1;absoluteArcSize=1;arcSize=9;strokeWidth=3.8;lucidId=TfkqRNu5ENkx;" parent="wBttp2-mLliqmfhjLBaT-1" vertex="1">
          <mxGeometry x="356" y="1570" width="128" height="63" as="geometry" />
        </mxCell>
        <mxCell id="wBttp2-mLliqmfhjLBaT-23" value="Metro Inventory" style="text;html=1;align=center;verticalAlign=middle;resizable=0;points=[];autosize=1;strokeColor=none;fillColor=none;" parent="1" vertex="1">
          <mxGeometry x="850" y="-1065" width="100" height="30" as="geometry" />
        </mxCell>
        <mxCell id="wBttp2-mLliqmfhjLBaT-24" style="edgeStyle=orthogonalEdgeStyle;rounded=0;orthogonalLoop=1;jettySize=auto;html=1;entryX=0;entryY=0.5;entryDx=0;entryDy=0;strokeWidth=4;endArrow=none;endFill=0;" parent="1" source="wBttp2-mLliqmfhjLBaT-32" target="wBttp2-mLliqmfhjLBaT-3" edge="1">
          <mxGeometry relative="1" as="geometry">
            <Array as="points">
              <mxPoint x="410" y="-350" />
              <mxPoint x="410" y="-928" />
            </Array>
          </mxGeometry>
        </mxCell>
        <mxCell id="wBttp2-mLliqmfhjLBaT-25" style="edgeStyle=orthogonalEdgeStyle;rounded=0;orthogonalLoop=1;jettySize=auto;html=1;exitX=0.5;exitY=0.5;exitDx=0;exitDy=0;exitPerimeter=0;entryX=0;entryY=0.5;entryDx=0;entryDy=0;strokeWidth=4;endArrow=none;endFill=0;" parent="1" source="wBttp2-mLliqmfhjLBaT-32" target="wBttp2-mLliqmfhjLBaT-9" edge="1">
          <mxGeometry relative="1" as="geometry">
            <Array as="points">
              <mxPoint x="410" y="-350" />
              <mxPoint x="410" y="-768" />
            </Array>
          </mxGeometry>
        </mxCell>
        <mxCell id="wBttp2-mLliqmfhjLBaT-26" style="edgeStyle=orthogonalEdgeStyle;rounded=0;orthogonalLoop=1;jettySize=auto;html=1;exitX=0.5;exitY=0.5;exitDx=0;exitDy=0;exitPerimeter=0;entryX=0;entryY=0.5;entryDx=0;entryDy=0;strokeWidth=4;endArrow=none;endFill=0;" parent="1" source="wBttp2-mLliqmfhjLBaT-32" target="wBttp2-mLliqmfhjLBaT-10" edge="1">
          <mxGeometry relative="1" as="geometry">
            <Array as="points">
              <mxPoint x="410" y="-350" />
              <mxPoint x="410" y="-648" />
            </Array>
          </mxGeometry>
        </mxCell>
        <mxCell id="wBttp2-mLliqmfhjLBaT-27" style="edgeStyle=orthogonalEdgeStyle;rounded=0;orthogonalLoop=1;jettySize=auto;html=1;exitX=0.5;exitY=0.5;exitDx=0;exitDy=0;exitPerimeter=0;strokeWidth=4;entryX=0;entryY=0.5;entryDx=0;entryDy=0;endArrow=none;endFill=0;" parent="1" source="wBttp2-mLliqmfhjLBaT-32" target="wBttp2-mLliqmfhjLBaT-11" edge="1">
          <mxGeometry relative="1" as="geometry">
            <mxPoint x="710" y="-350" as="targetPoint" />
            <Array as="points">
              <mxPoint x="410" y="-350" />
              <mxPoint x="410" y="-498" />
            </Array>
          </mxGeometry>
        </mxCell>
        <mxCell id="wBttp2-mLliqmfhjLBaT-28" style="edgeStyle=orthogonalEdgeStyle;rounded=0;orthogonalLoop=1;jettySize=auto;html=1;exitX=0.5;exitY=0.5;exitDx=0;exitDy=0;exitPerimeter=0;entryX=0;entryY=0.5;entryDx=0;entryDy=0;strokeWidth=4;endArrow=none;endFill=0;" parent="1" source="wBttp2-mLliqmfhjLBaT-32" target="wBttp2-mLliqmfhjLBaT-16" edge="1">
          <mxGeometry relative="1" as="geometry">
            <Array as="points">
              <mxPoint x="410" y="-350" />
              <mxPoint x="410" y="-138" />
            </Array>
          </mxGeometry>
        </mxCell>
        <mxCell id="wBttp2-mLliqmfhjLBaT-29" style="edgeStyle=orthogonalEdgeStyle;rounded=0;orthogonalLoop=1;jettySize=auto;html=1;exitX=0.5;exitY=0.5;exitDx=0;exitDy=0;exitPerimeter=0;entryX=0;entryY=0.5;entryDx=0;entryDy=0;strokeWidth=4;endArrow=none;endFill=0;" parent="1" source="wBttp2-mLliqmfhjLBaT-32" target="wBttp2-mLliqmfhjLBaT-17" edge="1">
          <mxGeometry relative="1" as="geometry">
            <Array as="points">
              <mxPoint x="410" y="-350" />
              <mxPoint x="410" y="-31" />
            </Array>
          </mxGeometry>
        </mxCell>
        <mxCell id="wBttp2-mLliqmfhjLBaT-30" style="edgeStyle=orthogonalEdgeStyle;rounded=0;orthogonalLoop=1;jettySize=auto;html=1;exitX=0.5;exitY=0.5;exitDx=0;exitDy=0;exitPerimeter=0;entryX=0;entryY=0.5;entryDx=0;entryDy=0;strokeWidth=4;endArrow=none;endFill=0;" parent="1" source="wBttp2-mLliqmfhjLBaT-32" target="wBttp2-mLliqmfhjLBaT-21" edge="1">
          <mxGeometry relative="1" as="geometry">
            <Array as="points">
              <mxPoint x="410" y="-350" />
              <mxPoint x="410" y="312" />
            </Array>
          </mxGeometry>
        </mxCell>
        <mxCell id="wBttp2-mLliqmfhjLBaT-31" style="edgeStyle=orthogonalEdgeStyle;rounded=0;orthogonalLoop=1;jettySize=auto;html=1;exitX=0.5;exitY=0.5;exitDx=0;exitDy=0;exitPerimeter=0;entryX=0;entryY=0.5;entryDx=0;entryDy=0;strokeWidth=4;startArrow=none;startFill=0;endArrow=none;endFill=0;" parent="1" source="wBttp2-mLliqmfhjLBaT-32" target="wBttp2-mLliqmfhjLBaT-22" edge="1">
          <mxGeometry relative="1" as="geometry">
            <Array as="points">
              <mxPoint x="410" y="-350" />
              <mxPoint x="410" y="522" />
            </Array>
          </mxGeometry>
        </mxCell>
        <mxCell id="wBttp2-mLliqmfhjLBaT-32" value="Finance" style="shape=umlActor;verticalLabelPosition=bottom;verticalAlign=top;html=1;" parent="1" vertex="1">
          <mxGeometry x="330" y="-380" width="30" height="60" as="geometry" />
        </mxCell>
        <mxCell id="wBttp2-mLliqmfhjLBaT-33" style="edgeStyle=orthogonalEdgeStyle;rounded=0;orthogonalLoop=1;jettySize=auto;html=1;exitX=0;exitY=0.3333333333333333;exitDx=0;exitDy=0;exitPerimeter=0;entryX=0.5;entryY=1;entryDx=0;entryDy=0;strokeWidth=4;endArrow=none;endFill=0;" parent="1" source="wBttp2-mLliqmfhjLBaT-35" target="wBttp2-mLliqmfhjLBaT-13" edge="1">
          <mxGeometry relative="1" as="geometry" />
        </mxCell>
        <mxCell id="wBttp2-mLliqmfhjLBaT-34" style="edgeStyle=orthogonalEdgeStyle;rounded=0;orthogonalLoop=1;jettySize=auto;html=1;exitX=0.5;exitY=0.5;exitDx=0;exitDy=0;exitPerimeter=0;entryX=1;entryY=0.5;entryDx=0;entryDy=0;strokeWidth=4;endArrow=none;endFill=0;" parent="1" source="wBttp2-mLliqmfhjLBaT-35" target="wBttp2-mLliqmfhjLBaT-20" edge="1">
          <mxGeometry relative="1" as="geometry">
            <Array as="points">
              <mxPoint x="1495" y="131" />
            </Array>
          </mxGeometry>
        </mxCell>
        <mxCell id="wBttp2-mLliqmfhjLBaT-35" value="Servis universal Cimi&lt;br&gt;" style="shape=umlActor;verticalLabelPosition=bottom;verticalAlign=top;html=1;labelBackgroundColor=default;strokeWidth=4;" parent="1" vertex="1">
          <mxGeometry x="1480" y="-240" width="30" height="60" as="geometry" />
        </mxCell>
        <mxCell id="wBttp2-mLliqmfhjLBaT-36" style="edgeStyle=orthogonalEdgeStyle;rounded=0;orthogonalLoop=1;jettySize=auto;html=1;exitX=0;exitY=0.3333333333333333;exitDx=0;exitDy=0;exitPerimeter=0;entryX=0.5;entryY=1;entryDx=0;entryDy=0;strokeWidth=4;endArrow=none;endFill=0;" parent="1" source="wBttp2-mLliqmfhjLBaT-38" target="wBttp2-mLliqmfhjLBaT-15" edge="1">
          <mxGeometry relative="1" as="geometry">
            <Array as="points">
              <mxPoint x="1400" y="-340" />
              <mxPoint x="1400" y="-270" />
              <mxPoint x="1034" y="-270" />
            </Array>
          </mxGeometry>
        </mxCell>
        <mxCell id="wBttp2-mLliqmfhjLBaT-37" style="edgeStyle=orthogonalEdgeStyle;rounded=0;orthogonalLoop=1;jettySize=auto;html=1;exitX=0;exitY=1;exitDx=0;exitDy=0;exitPerimeter=0;entryX=0;entryY=0;entryDx=0;entryDy=0;strokeWidth=4;endArrow=none;endFill=0;" parent="1" source="wBttp2-mLliqmfhjLBaT-38" target="wBttp2-mLliqmfhjLBaT-19" edge="1">
          <mxGeometry relative="1" as="geometry">
            <Array as="points">
              <mxPoint x="1450" y="-90" />
              <mxPoint x="726" y="-90" />
            </Array>
          </mxGeometry>
        </mxCell>
        <mxCell id="wBttp2-mLliqmfhjLBaT-38" value="IT&lt;br&gt;" style="shape=umlActor;verticalLabelPosition=bottom;verticalAlign=top;html=1;labelBackgroundColor=default;strokeWidth=4;" parent="1" vertex="1">
          <mxGeometry x="1450" y="-360" width="30" height="60" as="geometry" />
        </mxCell>
        <mxCell id="wBttp2-mLliqmfhjLBaT-39" style="edgeStyle=orthogonalEdgeStyle;rounded=0;orthogonalLoop=1;jettySize=auto;html=1;exitX=0.5;exitY=0;exitDx=0;exitDy=0;strokeWidth=4;" parent="1" source="wBttp2-mLliqmfhjLBaT-20" edge="1">
          <mxGeometry relative="1" as="geometry">
            <mxPoint x="900" as="targetPoint" />
          </mxGeometry>
        </mxCell>
        <mxCell id="wBttp2-mLliqmfhjLBaT-40" value="Hr&lt;br&gt;" style="shape=umlActor;verticalLabelPosition=bottom;verticalAlign=top;html=1;outlineConnect=0;labelBackgroundColor=default;strokeWidth=4;" parent="1" vertex="1">
          <mxGeometry x="1460" y="290" width="30" height="60" as="geometry" />
        </mxCell>
        <mxCell id="wBttp2-mLliqmfhjLBaT-41" style="edgeStyle=orthogonalEdgeStyle;rounded=0;orthogonalLoop=1;jettySize=auto;html=1;entryX=0.5;entryY=0.5;entryDx=0;entryDy=0;entryPerimeter=0;strokeWidth=4;endArrow=none;endFill=0;" parent="1" source="wBttp2-mLliqmfhjLBaT-21" target="wBttp2-mLliqmfhjLBaT-40" edge="1">
          <mxGeometry relative="1" as="geometry">
            <Array as="points">
              <mxPoint x="1475" y="312" />
            </Array>
          </mxGeometry>
        </mxCell>
      </root>
    </mxGraphModel>
  </diagram>
</mxfile>
