<mxfile host="app.diagrams.net" modified="2023-01-23T17:37:41.476Z" agent="5.0 (Windows NT 10.0; Win64; x64) AppleWebKit/537.36 (KHTML, like Gecko) Chrome/109.0.0.0 Safari/537.36" etag="culiWlolifFRewCUUkgO" version="20.8.10" type="github">
  <diagram name="Page-1" id="_Z9dCE8J4dwxvvDJ5r7f">
    <mxGraphModel dx="1562" dy="1990" grid="1" gridSize="10" guides="1" tooltips="1" connect="1" arrows="1" fold="1" page="1" pageScale="1" pageWidth="827" pageHeight="1169" math="0" shadow="0">
      <root>
        <mxCell id="0" />
        <mxCell id="1" parent="0" />
        <mxCell id="2V5ozJm3yrA925v2oPF3-1" value="" style="html=1;overflow=block;blockSpacing=1;whiteSpace=wrap;container=1;pointerEvents=0;collapsible=0;recursiveResize=0;fontSize=16.7;fontColor=#3a414a;spacing=0;strokeColor=#3a414a;strokeOpacity=100;fillOpacity=0;rounded=1;absoluteArcSize=1;arcSize=9;fillColor=#000000;strokeWidth=3.8;lucidId=j6jq6bdeZJHn;" parent="1" vertex="1">
          <mxGeometry x="430" y="-1080" width="905" height="1860" as="geometry" />
        </mxCell>
        <mxCell id="2V5ozJm3yrA925v2oPF3-2" style="edgeStyle=orthogonalEdgeStyle;rounded=0;orthogonalLoop=1;jettySize=auto;html=1;exitX=1;exitY=0.5;exitDx=0;exitDy=0;entryX=0;entryY=0.5;entryDx=0;entryDy=0;strokeWidth=4;dashed=1;dashPattern=1 1;" parent="2V5ozJm3yrA925v2oPF3-1" source="2V5ozJm3yrA925v2oPF3-3" target="2V5ozJm3yrA925v2oPF3-4" edge="1">
          <mxGeometry relative="1" as="geometry" />
        </mxCell>
        <mxCell id="2V5ozJm3yrA925v2oPF3-3" value="Log in " style="html=1;overflow=block;blockSpacing=1;whiteSpace=wrap;ellipse;fontSize=13;spacing=3.8;strokeColor=#3a414a;strokeOpacity=100;rounded=1;absoluteArcSize=1;arcSize=9;strokeWidth=3.8;lucidId=Z6jqtcnNxoFw;" parent="2V5ozJm3yrA925v2oPF3-1" vertex="1">
          <mxGeometry x="356" y="120" width="128" height="63" as="geometry" />
        </mxCell>
        <mxCell id="2V5ozJm3yrA925v2oPF3-4" value="Verify Password" style="html=1;overflow=block;blockSpacing=1;whiteSpace=wrap;ellipse;fontSize=13;spacing=3.8;strokeColor=#3a414a;strokeOpacity=100;rounded=1;absoluteArcSize=1;arcSize=9;strokeWidth=4;lucidId=TfkqRNu5ENkx;" parent="2V5ozJm3yrA925v2oPF3-1" vertex="1">
          <mxGeometry x="590" y="57" width="128" height="63" as="geometry" />
        </mxCell>
        <mxCell id="2V5ozJm3yrA925v2oPF3-5" style="edgeStyle=orthogonalEdgeStyle;rounded=0;orthogonalLoop=1;jettySize=auto;html=1;exitX=0;exitY=0.5;exitDx=0;exitDy=0;entryX=1;entryY=1;entryDx=0;entryDy=0;dashed=1;dashPattern=1 1;strokeWidth=4;" parent="2V5ozJm3yrA925v2oPF3-1" source="2V5ozJm3yrA925v2oPF3-6" target="2V5ozJm3yrA925v2oPF3-3" edge="1">
          <mxGeometry relative="1" as="geometry" />
        </mxCell>
        <mxCell id="2V5ozJm3yrA925v2oPF3-6" value="Display Log &lt;br&gt;in Error" style="html=1;overflow=block;blockSpacing=1;whiteSpace=wrap;ellipse;fontSize=13;spacing=3.8;strokeColor=#3a414a;strokeOpacity=100;rounded=1;absoluteArcSize=1;arcSize=9;strokeWidth=3.8;lucidId=TfkqRNu5ENkx;" parent="2V5ozJm3yrA925v2oPF3-1" vertex="1">
          <mxGeometry x="590" y="183" width="128" height="63" as="geometry" />
        </mxCell>
        <mxCell id="2V5ozJm3yrA925v2oPF3-7" value="&amp;lt;&amp;lt;include&amp;gt;&amp;gt;" style="text;html=1;align=center;verticalAlign=middle;resizable=0;points=[];autosize=1;strokeColor=none;fillColor=none;labelBackgroundColor=default;" parent="2V5ozJm3yrA925v2oPF3-1" vertex="1">
          <mxGeometry x="490" y="115" width="90" height="30" as="geometry" />
        </mxCell>
        <mxCell id="2V5ozJm3yrA925v2oPF3-8" value="&amp;lt;&amp;lt;extend&amp;gt;&amp;gt;" style="text;html=1;align=center;verticalAlign=middle;resizable=0;points=[];autosize=1;strokeColor=none;fillColor=none;labelBackgroundColor=default;" parent="2V5ozJm3yrA925v2oPF3-1" vertex="1">
          <mxGeometry x="490" y="183" width="90" height="30" as="geometry" />
        </mxCell>
        <mxCell id="2V5ozJm3yrA925v2oPF3-9" value="Check stock" style="html=1;overflow=block;blockSpacing=1;whiteSpace=wrap;ellipse;fontSize=13;spacing=3.8;strokeColor=#3a414a;strokeOpacity=100;rounded=1;absoluteArcSize=1;arcSize=9;strokeWidth=3.8;lucidId=TfkqRNu5ENkx;" parent="2V5ozJm3yrA925v2oPF3-1" vertex="1">
          <mxGeometry x="356" y="280" width="128" height="63" as="geometry" />
        </mxCell>
        <mxCell id="2V5ozJm3yrA925v2oPF3-10" value="Check stock condition" style="html=1;overflow=block;blockSpacing=1;whiteSpace=wrap;ellipse;fontSize=13;spacing=3.8;strokeColor=#3a414a;strokeOpacity=100;rounded=1;absoluteArcSize=1;arcSize=9;strokeWidth=3.8;lucidId=TfkqRNu5ENkx;" parent="2V5ozJm3yrA925v2oPF3-1" vertex="1">
          <mxGeometry x="356" y="400" width="128" height="63" as="geometry" />
        </mxCell>
        <mxCell id="2V5ozJm3yrA925v2oPF3-11" value="Review Requests" style="html=1;overflow=block;blockSpacing=1;whiteSpace=wrap;ellipse;fontSize=13;spacing=3.8;strokeColor=#3a414a;strokeOpacity=100;rounded=1;absoluteArcSize=1;arcSize=9;strokeWidth=3.8;lucidId=TfkqRNu5ENkx;" parent="2V5ozJm3yrA925v2oPF3-1" vertex="1">
          <mxGeometry x="356" y="900" width="128" height="63" as="geometry" />
        </mxCell>
        <mxCell id="2V5ozJm3yrA925v2oPF3-12" value="Log out" style="html=1;overflow=block;blockSpacing=1;whiteSpace=wrap;ellipse;fontSize=13;spacing=3.8;strokeColor=#3a414a;strokeOpacity=100;rounded=1;absoluteArcSize=1;arcSize=9;strokeWidth=3.8;lucidId=TfkqRNu5ENkx;" parent="2V5ozJm3yrA925v2oPF3-1" vertex="1">
          <mxGeometry x="370" y="1770" width="128" height="63" as="geometry" />
        </mxCell>
        <mxCell id="2V5ozJm3yrA925v2oPF3-13" value="Check stock location" style="html=1;overflow=block;blockSpacing=1;whiteSpace=wrap;ellipse;fontSize=13;spacing=3.8;strokeColor=#3a414a;strokeOpacity=100;rounded=1;absoluteArcSize=1;arcSize=9;strokeWidth=3.8;lucidId=TfkqRNu5ENkx;" parent="2V5ozJm3yrA925v2oPF3-1" vertex="1">
          <mxGeometry x="356" y="637" width="128" height="63" as="geometry" />
        </mxCell>
        <mxCell id="2V5ozJm3yrA925v2oPF3-14" value="Update Stock condition" style="html=1;overflow=block;blockSpacing=1;whiteSpace=wrap;ellipse;fontSize=13;spacing=3.8;strokeColor=#3a414a;strokeOpacity=100;rounded=1;absoluteArcSize=1;arcSize=9;strokeWidth=3.8;lucidId=TfkqRNu5ENkx;" parent="2V5ozJm3yrA925v2oPF3-1" vertex="1">
          <mxGeometry x="356" y="520" width="128" height="63" as="geometry" />
        </mxCell>
        <mxCell id="2V5ozJm3yrA925v2oPF3-15" value="Update stock location" style="html=1;overflow=block;blockSpacing=1;whiteSpace=wrap;ellipse;fontSize=13;spacing=3.8;strokeColor=#3a414a;strokeOpacity=100;rounded=1;absoluteArcSize=1;arcSize=9;strokeWidth=3.8;lucidId=TfkqRNu5ENkx;" parent="2V5ozJm3yrA925v2oPF3-1" vertex="1">
          <mxGeometry x="356" y="750" width="128" height="63" as="geometry" />
        </mxCell>
        <mxCell id="2V5ozJm3yrA925v2oPF3-16" style="edgeStyle=orthogonalEdgeStyle;rounded=0;orthogonalLoop=1;jettySize=auto;html=1;exitX=1;exitY=0.5;exitDx=0;exitDy=0;entryX=0;entryY=0.5;entryDx=0;entryDy=0;strokeWidth=4;endArrow=block;endFill=1;dashed=1;dashPattern=1 1;" parent="2V5ozJm3yrA925v2oPF3-1" source="2V5ozJm3yrA925v2oPF3-17" target="2V5ozJm3yrA925v2oPF3-18" edge="1">
          <mxGeometry relative="1" as="geometry" />
        </mxCell>
        <mxCell id="2V5ozJm3yrA925v2oPF3-17" value="Request material" style="html=1;overflow=block;blockSpacing=1;whiteSpace=wrap;ellipse;fontSize=13;spacing=3.8;strokeColor=#3a414a;strokeOpacity=100;rounded=1;absoluteArcSize=1;arcSize=9;strokeWidth=3.8;lucidId=TfkqRNu5ENkx;" parent="2V5ozJm3yrA925v2oPF3-1" vertex="1">
          <mxGeometry x="356" y="1030" width="128" height="63" as="geometry" />
        </mxCell>
        <mxCell id="2V5ozJm3yrA925v2oPF3-18" value="Send notification to HR" style="html=1;overflow=block;blockSpacing=1;whiteSpace=wrap;ellipse;fontSize=13;spacing=3.8;strokeColor=#3a414a;strokeOpacity=100;rounded=1;absoluteArcSize=1;arcSize=9;strokeWidth=3.8;lucidId=TfkqRNu5ENkx;" parent="2V5ozJm3yrA925v2oPF3-1" vertex="1">
          <mxGeometry x="660" y="950" width="128" height="63" as="geometry" />
        </mxCell>
        <mxCell id="2V5ozJm3yrA925v2oPF3-19" value="&amp;lt;&amp;lt;include&amp;gt;&amp;gt;" style="text;html=1;align=center;verticalAlign=middle;resizable=0;points=[];autosize=1;strokeColor=none;fillColor=none;labelBackgroundColor=default;" parent="2V5ozJm3yrA925v2oPF3-1" vertex="1">
          <mxGeometry x="520" y="1000" width="90" height="30" as="geometry" />
        </mxCell>
        <mxCell id="2V5ozJm3yrA925v2oPF3-20" value="Edit Stock&amp;nbsp;" style="html=1;overflow=block;blockSpacing=1;whiteSpace=wrap;ellipse;fontSize=13;spacing=3.8;strokeColor=#3a414a;strokeOpacity=100;rounded=1;absoluteArcSize=1;arcSize=9;strokeWidth=3.8;lucidId=TfkqRNu5ENkx;" parent="2V5ozJm3yrA925v2oPF3-1" vertex="1">
          <mxGeometry x="356" y="1140" width="128" height="63" as="geometry" />
        </mxCell>
        <mxCell id="2V5ozJm3yrA925v2oPF3-21" style="edgeStyle=orthogonalEdgeStyle;rounded=0;orthogonalLoop=1;jettySize=auto;html=1;exitX=0.5;exitY=0;exitDx=0;exitDy=0;entryX=0.5;entryY=1;entryDx=0;entryDy=0;strokeWidth=4;endArrow=classic;endFill=1;" parent="2V5ozJm3yrA925v2oPF3-1" source="2V5ozJm3yrA925v2oPF3-24" target="2V5ozJm3yrA925v2oPF3-20" edge="1">
          <mxGeometry relative="1" as="geometry" />
        </mxCell>
        <mxCell id="2V5ozJm3yrA925v2oPF3-22" style="edgeStyle=orthogonalEdgeStyle;rounded=0;orthogonalLoop=1;jettySize=auto;html=1;exitX=0.5;exitY=1;exitDx=0;exitDy=0;entryX=0.5;entryY=0;entryDx=0;entryDy=0;strokeWidth=4;endArrow=classic;endFill=1;dashed=1;dashPattern=1 1;" parent="2V5ozJm3yrA925v2oPF3-1" source="2V5ozJm3yrA925v2oPF3-24" target="2V5ozJm3yrA925v2oPF3-29" edge="1">
          <mxGeometry relative="1" as="geometry" />
        </mxCell>
        <mxCell id="2V5ozJm3yrA925v2oPF3-23" value="&amp;lt;&amp;lt;include&amp;gt;&amp;gt;" style="edgeLabel;html=1;align=center;verticalAlign=middle;resizable=0;points=[];" parent="2V5ozJm3yrA925v2oPF3-22" vertex="1" connectable="0">
          <mxGeometry x="-0.1454" y="1" relative="1" as="geometry">
            <mxPoint x="1" as="offset" />
          </mxGeometry>
        </mxCell>
        <mxCell id="2V5ozJm3yrA925v2oPF3-24" value="Add item" style="html=1;overflow=block;blockSpacing=1;whiteSpace=wrap;ellipse;fontSize=13;spacing=3.8;strokeColor=#3a414a;strokeOpacity=100;rounded=1;absoluteArcSize=1;arcSize=9;strokeWidth=3.8;lucidId=TfkqRNu5ENkx;" parent="2V5ozJm3yrA925v2oPF3-1" vertex="1">
          <mxGeometry x="228" y="1330" width="128" height="63" as="geometry" />
        </mxCell>
        <mxCell id="2V5ozJm3yrA925v2oPF3-25" style="edgeStyle=orthogonalEdgeStyle;rounded=0;orthogonalLoop=1;jettySize=auto;html=1;exitX=0.5;exitY=0;exitDx=0;exitDy=0;strokeWidth=4;endArrow=classic;endFill=1;" parent="2V5ozJm3yrA925v2oPF3-1" source="2V5ozJm3yrA925v2oPF3-28" target="2V5ozJm3yrA925v2oPF3-20" edge="1">
          <mxGeometry relative="1" as="geometry" />
        </mxCell>
        <mxCell id="2V5ozJm3yrA925v2oPF3-26" style="edgeStyle=orthogonalEdgeStyle;rounded=0;orthogonalLoop=1;jettySize=auto;html=1;exitX=0.5;exitY=1;exitDx=0;exitDy=0;strokeWidth=4;endArrow=classic;endFill=1;dashed=1;dashPattern=1 1;" parent="2V5ozJm3yrA925v2oPF3-1" source="2V5ozJm3yrA925v2oPF3-28" target="2V5ozJm3yrA925v2oPF3-29" edge="1">
          <mxGeometry relative="1" as="geometry" />
        </mxCell>
        <mxCell id="2V5ozJm3yrA925v2oPF3-27" value="&amp;lt;&amp;lt;include&amp;gt;&amp;gt;" style="edgeLabel;html=1;align=center;verticalAlign=middle;resizable=0;points=[];" parent="2V5ozJm3yrA925v2oPF3-26" vertex="1" connectable="0">
          <mxGeometry x="0.0988" relative="1" as="geometry">
            <mxPoint as="offset" />
          </mxGeometry>
        </mxCell>
        <mxCell id="2V5ozJm3yrA925v2oPF3-28" value="Remove item" style="html=1;overflow=block;blockSpacing=1;whiteSpace=wrap;ellipse;fontSize=13;spacing=3.8;strokeColor=#3a414a;strokeOpacity=100;rounded=1;absoluteArcSize=1;arcSize=9;strokeWidth=3.8;lucidId=TfkqRNu5ENkx;" parent="2V5ozJm3yrA925v2oPF3-1" vertex="1">
          <mxGeometry x="490" y="1330" width="128" height="63" as="geometry" />
        </mxCell>
        <mxCell id="2V5ozJm3yrA925v2oPF3-29" value="Request material" style="html=1;overflow=block;blockSpacing=1;whiteSpace=wrap;ellipse;fontSize=13;spacing=3.8;strokeColor=#3a414a;strokeOpacity=100;rounded=1;absoluteArcSize=1;arcSize=9;strokeWidth=3.8;lucidId=TfkqRNu5ENkx;" parent="2V5ozJm3yrA925v2oPF3-1" vertex="1">
          <mxGeometry x="362" y="1580" width="128" height="63" as="geometry" />
        </mxCell>
        <mxCell id="2V5ozJm3yrA925v2oPF3-30" value="IT" style="text;html=1;align=center;verticalAlign=middle;resizable=0;points=[];autosize=1;strokeColor=none;fillColor=none;" parent="1" vertex="1">
          <mxGeometry x="835" y="-1065" width="30" height="30" as="geometry" />
        </mxCell>
        <mxCell id="2V5ozJm3yrA925v2oPF3-31" style="edgeStyle=orthogonalEdgeStyle;rounded=0;orthogonalLoop=1;jettySize=auto;html=1;entryX=0;entryY=0.5;entryDx=0;entryDy=0;strokeWidth=4;endArrow=none;endFill=0;" parent="1" source="2V5ozJm3yrA925v2oPF3-41" target="2V5ozJm3yrA925v2oPF3-3" edge="1">
          <mxGeometry relative="1" as="geometry">
            <Array as="points">
              <mxPoint x="360" y="-350" />
              <mxPoint x="360" y="-928" />
            </Array>
          </mxGeometry>
        </mxCell>
        <mxCell id="2V5ozJm3yrA925v2oPF3-32" style="edgeStyle=orthogonalEdgeStyle;rounded=0;orthogonalLoop=1;jettySize=auto;html=1;exitX=0.5;exitY=0.5;exitDx=0;exitDy=0;exitPerimeter=0;entryX=0;entryY=0.5;entryDx=0;entryDy=0;strokeWidth=4;endArrow=none;endFill=0;" parent="1" source="2V5ozJm3yrA925v2oPF3-41" target="2V5ozJm3yrA925v2oPF3-9" edge="1">
          <mxGeometry relative="1" as="geometry">
            <Array as="points">
              <mxPoint x="360" y="-350" />
              <mxPoint x="360" y="-768" />
            </Array>
          </mxGeometry>
        </mxCell>
        <mxCell id="2V5ozJm3yrA925v2oPF3-33" style="edgeStyle=orthogonalEdgeStyle;rounded=0;orthogonalLoop=1;jettySize=auto;html=1;exitX=0.5;exitY=0.5;exitDx=0;exitDy=0;exitPerimeter=0;entryX=0;entryY=0.5;entryDx=0;entryDy=0;strokeWidth=4;endArrow=none;endFill=0;" parent="1" source="2V5ozJm3yrA925v2oPF3-41" target="2V5ozJm3yrA925v2oPF3-10" edge="1">
          <mxGeometry relative="1" as="geometry">
            <Array as="points">
              <mxPoint x="360" y="-350" />
              <mxPoint x="360" y="-648" />
            </Array>
          </mxGeometry>
        </mxCell>
        <mxCell id="2V5ozJm3yrA925v2oPF3-34" style="edgeStyle=orthogonalEdgeStyle;rounded=0;orthogonalLoop=1;jettySize=auto;html=1;exitX=0.5;exitY=0.5;exitDx=0;exitDy=0;exitPerimeter=0;strokeWidth=4;entryX=0;entryY=0.5;entryDx=0;entryDy=0;endArrow=none;endFill=0;" parent="1" source="2V5ozJm3yrA925v2oPF3-41" target="2V5ozJm3yrA925v2oPF3-11" edge="1">
          <mxGeometry relative="1" as="geometry">
            <mxPoint x="660" y="-350" as="targetPoint" />
            <Array as="points">
              <mxPoint x="360" y="-350" />
              <mxPoint x="360" y="-148" />
            </Array>
          </mxGeometry>
        </mxCell>
        <mxCell id="2V5ozJm3yrA925v2oPF3-35" style="edgeStyle=orthogonalEdgeStyle;rounded=0;orthogonalLoop=1;jettySize=auto;html=1;exitX=0.5;exitY=0.5;exitDx=0;exitDy=0;exitPerimeter=0;entryX=0;entryY=0.5;entryDx=0;entryDy=0;strokeWidth=4;startArrow=none;startFill=0;endArrow=none;endFill=0;" parent="1" source="2V5ozJm3yrA925v2oPF3-41" target="2V5ozJm3yrA925v2oPF3-12" edge="1">
          <mxGeometry relative="1" as="geometry">
            <Array as="points">
              <mxPoint x="360" y="-350" />
              <mxPoint x="360" y="722" />
            </Array>
          </mxGeometry>
        </mxCell>
        <mxCell id="2V5ozJm3yrA925v2oPF3-36" style="edgeStyle=orthogonalEdgeStyle;rounded=0;orthogonalLoop=1;jettySize=auto;html=1;exitX=0.5;exitY=0.5;exitDx=0;exitDy=0;exitPerimeter=0;entryX=0;entryY=0.5;entryDx=0;entryDy=0;strokeWidth=4;endArrow=none;endFill=0;" parent="1" source="2V5ozJm3yrA925v2oPF3-41" target="2V5ozJm3yrA925v2oPF3-13" edge="1">
          <mxGeometry relative="1" as="geometry">
            <Array as="points">
              <mxPoint x="360" y="-350" />
              <mxPoint x="360" y="-411" />
            </Array>
          </mxGeometry>
        </mxCell>
        <mxCell id="2V5ozJm3yrA925v2oPF3-37" style="edgeStyle=orthogonalEdgeStyle;rounded=0;orthogonalLoop=1;jettySize=auto;html=1;exitX=0.5;exitY=0.5;exitDx=0;exitDy=0;exitPerimeter=0;entryX=0;entryY=0.5;entryDx=0;entryDy=0;strokeWidth=4;endArrow=none;endFill=0;" parent="1" source="2V5ozJm3yrA925v2oPF3-41" target="2V5ozJm3yrA925v2oPF3-14" edge="1">
          <mxGeometry relative="1" as="geometry">
            <Array as="points">
              <mxPoint x="360" y="-350" />
              <mxPoint x="360" y="-529" />
            </Array>
          </mxGeometry>
        </mxCell>
        <mxCell id="2V5ozJm3yrA925v2oPF3-38" style="edgeStyle=orthogonalEdgeStyle;rounded=0;orthogonalLoop=1;jettySize=auto;html=1;exitX=0.5;exitY=0.5;exitDx=0;exitDy=0;exitPerimeter=0;entryX=0;entryY=0.5;entryDx=0;entryDy=0;strokeWidth=4;endArrow=none;endFill=0;" parent="1" source="2V5ozJm3yrA925v2oPF3-41" target="2V5ozJm3yrA925v2oPF3-15" edge="1">
          <mxGeometry relative="1" as="geometry">
            <Array as="points">
              <mxPoint x="360" y="-350" />
              <mxPoint x="360" y="-299" />
            </Array>
          </mxGeometry>
        </mxCell>
        <mxCell id="2V5ozJm3yrA925v2oPF3-39" style="edgeStyle=orthogonalEdgeStyle;rounded=0;orthogonalLoop=1;jettySize=auto;html=1;exitX=0.5;exitY=0.5;exitDx=0;exitDy=0;exitPerimeter=0;entryX=0;entryY=0.5;entryDx=0;entryDy=0;strokeWidth=4;endArrow=none;endFill=0;" parent="1" source="2V5ozJm3yrA925v2oPF3-41" target="2V5ozJm3yrA925v2oPF3-17" edge="1">
          <mxGeometry relative="1" as="geometry">
            <Array as="points">
              <mxPoint x="360" y="-350" />
              <mxPoint x="360" y="-19" />
            </Array>
          </mxGeometry>
        </mxCell>
        <mxCell id="2V5ozJm3yrA925v2oPF3-40" style="edgeStyle=orthogonalEdgeStyle;rounded=0;orthogonalLoop=1;jettySize=auto;html=1;exitX=0.5;exitY=0.5;exitDx=0;exitDy=0;exitPerimeter=0;entryX=0;entryY=0.5;entryDx=0;entryDy=0;strokeWidth=4;endArrow=none;endFill=0;" parent="1" source="2V5ozJm3yrA925v2oPF3-41" target="2V5ozJm3yrA925v2oPF3-20" edge="1">
          <mxGeometry relative="1" as="geometry">
            <Array as="points">
              <mxPoint x="360" y="-350" />
              <mxPoint x="360" y="92" />
            </Array>
          </mxGeometry>
        </mxCell>
        <mxCell id="2V5ozJm3yrA925v2oPF3-41" value="IT&lt;br&gt;" style="shape=umlActor;verticalLabelPosition=bottom;verticalAlign=top;html=1;" parent="1" vertex="1">
          <mxGeometry x="280" y="-380" width="30" height="60" as="geometry" />
        </mxCell>
        <mxCell id="2V5ozJm3yrA925v2oPF3-42" style="edgeStyle=orthogonalEdgeStyle;rounded=0;orthogonalLoop=1;jettySize=auto;html=1;exitX=0;exitY=0.3333333333333333;exitDx=0;exitDy=0;exitPerimeter=0;entryX=1;entryY=0.5;entryDx=0;entryDy=0;strokeWidth=4;endArrow=none;endFill=0;" parent="1" source="2V5ozJm3yrA925v2oPF3-43" target="2V5ozJm3yrA925v2oPF3-11" edge="1">
          <mxGeometry relative="1" as="geometry">
            <Array as="points">
              <mxPoint x="1360" y="-190" />
              <mxPoint x="1360" y="-148" />
            </Array>
          </mxGeometry>
        </mxCell>
        <mxCell id="2V5ozJm3yrA925v2oPF3-43" value="User" style="shape=umlActor;verticalLabelPosition=bottom;verticalAlign=top;html=1;outlineConnect=0;labelBackgroundColor=default;" parent="1" vertex="1">
          <mxGeometry x="1390" y="-210" width="30" height="60" as="geometry" />
        </mxCell>
        <mxCell id="2V5ozJm3yrA925v2oPF3-44" value="HR" style="shape=umlActor;verticalLabelPosition=bottom;verticalAlign=top;html=1;outlineConnect=0;labelBackgroundColor=default;" parent="1" vertex="1">
          <mxGeometry x="1391" y="503" width="30" height="60" as="geometry" />
        </mxCell>
        <mxCell id="2V5ozJm3yrA925v2oPF3-45" style="edgeStyle=orthogonalEdgeStyle;rounded=0;orthogonalLoop=1;jettySize=auto;html=1;exitX=1;exitY=0.5;exitDx=0;exitDy=0;entryX=0.5;entryY=0.5;entryDx=0;entryDy=0;entryPerimeter=0;strokeWidth=4;endArrow=none;endFill=0;" parent="1" source="2V5ozJm3yrA925v2oPF3-29" target="2V5ozJm3yrA925v2oPF3-44" edge="1">
          <mxGeometry relative="1" as="geometry">
            <Array as="points">
              <mxPoint x="1155" y="531" />
              <mxPoint x="1406" y="531" />
            </Array>
          </mxGeometry>
        </mxCell>
      </root>
    </mxGraphModel>
  </diagram>
</mxfile>
