<mxfile host="app.diagrams.net" modified="2023-01-23T17:44:53.157Z" agent="5.0 (Windows NT 10.0; Win64; x64) AppleWebKit/537.36 (KHTML, like Gecko) Chrome/109.0.0.0 Safari/537.36" etag="zxk4T-G-cj0_UmdY9UEe" version="20.8.10" type="github">
  <diagram name="Page-1" id="TDSmq3ITCRbBbaOXU4Jk">
    <mxGraphModel dx="1562" dy="1990" grid="1" gridSize="10" guides="1" tooltips="1" connect="1" arrows="1" fold="1" page="1" pageScale="1" pageWidth="827" pageHeight="1169" math="0" shadow="0">
      <root>
        <mxCell id="0" />
        <mxCell id="1" parent="0" />
        <mxCell id="QmwZjgV08HtVLFI-FGbA-43" value="" style="html=1;overflow=block;blockSpacing=1;whiteSpace=wrap;container=1;pointerEvents=0;collapsible=0;recursiveResize=0;fontSize=16.7;fontColor=#3a414a;spacing=0;strokeColor=#3a414a;strokeOpacity=100;fillOpacity=0;rounded=1;absoluteArcSize=1;arcSize=9;fillColor=#000000;strokeWidth=3.8;lucidId=j6jq6bdeZJHn;labelBackgroundColor=default;" parent="1" vertex="1">
          <mxGeometry x="460" y="-1090" width="905" height="1340" as="geometry" />
        </mxCell>
        <mxCell id="QmwZjgV08HtVLFI-FGbA-44" style="edgeStyle=orthogonalEdgeStyle;rounded=0;orthogonalLoop=1;jettySize=auto;html=1;exitX=1;exitY=0.5;exitDx=0;exitDy=0;entryX=0;entryY=0.5;entryDx=0;entryDy=0;strokeWidth=4;dashed=1;dashPattern=1 1;" parent="QmwZjgV08HtVLFI-FGbA-43" source="QmwZjgV08HtVLFI-FGbA-45" target="QmwZjgV08HtVLFI-FGbA-46" edge="1">
          <mxGeometry relative="1" as="geometry" />
        </mxCell>
        <mxCell id="QmwZjgV08HtVLFI-FGbA-45" value="Log in " style="html=1;overflow=block;blockSpacing=1;whiteSpace=wrap;ellipse;fontSize=13;spacing=3.8;strokeColor=#3a414a;strokeOpacity=100;rounded=1;absoluteArcSize=1;arcSize=9;strokeWidth=3.8;lucidId=Z6jqtcnNxoFw;" parent="QmwZjgV08HtVLFI-FGbA-43" vertex="1">
          <mxGeometry x="356" y="120" width="128" height="63" as="geometry" />
        </mxCell>
        <mxCell id="QmwZjgV08HtVLFI-FGbA-46" value="Verify Password" style="html=1;overflow=block;blockSpacing=1;whiteSpace=wrap;ellipse;fontSize=13;spacing=3.8;strokeColor=#3a414a;strokeOpacity=100;rounded=1;absoluteArcSize=1;arcSize=9;strokeWidth=4;lucidId=TfkqRNu5ENkx;" parent="QmwZjgV08HtVLFI-FGbA-43" vertex="1">
          <mxGeometry x="590" y="57" width="128" height="63" as="geometry" />
        </mxCell>
        <mxCell id="QmwZjgV08HtVLFI-FGbA-47" style="edgeStyle=orthogonalEdgeStyle;rounded=0;orthogonalLoop=1;jettySize=auto;html=1;exitX=0;exitY=0.5;exitDx=0;exitDy=0;entryX=1;entryY=1;entryDx=0;entryDy=0;dashed=1;dashPattern=1 1;strokeWidth=4;" parent="QmwZjgV08HtVLFI-FGbA-43" source="QmwZjgV08HtVLFI-FGbA-48" target="QmwZjgV08HtVLFI-FGbA-45" edge="1">
          <mxGeometry relative="1" as="geometry" />
        </mxCell>
        <mxCell id="QmwZjgV08HtVLFI-FGbA-48" value="Display Log &lt;br&gt;in Error" style="html=1;overflow=block;blockSpacing=1;whiteSpace=wrap;ellipse;fontSize=13;spacing=3.8;strokeColor=#3a414a;strokeOpacity=100;rounded=1;absoluteArcSize=1;arcSize=9;strokeWidth=3.8;lucidId=TfkqRNu5ENkx;" parent="QmwZjgV08HtVLFI-FGbA-43" vertex="1">
          <mxGeometry x="590" y="183" width="128" height="63" as="geometry" />
        </mxCell>
        <mxCell id="QmwZjgV08HtVLFI-FGbA-49" value="&amp;lt;&amp;lt;include&amp;gt;&amp;gt;" style="text;html=1;align=center;verticalAlign=middle;resizable=0;points=[];autosize=1;strokeColor=none;fillColor=none;labelBackgroundColor=default;" parent="QmwZjgV08HtVLFI-FGbA-43" vertex="1">
          <mxGeometry x="490" y="115" width="90" height="30" as="geometry" />
        </mxCell>
        <mxCell id="QmwZjgV08HtVLFI-FGbA-50" value="&amp;lt;&amp;lt;extend&amp;gt;&amp;gt;" style="text;html=1;align=center;verticalAlign=middle;resizable=0;points=[];autosize=1;strokeColor=none;fillColor=none;labelBackgroundColor=default;" parent="QmwZjgV08HtVLFI-FGbA-43" vertex="1">
          <mxGeometry x="490" y="183" width="90" height="30" as="geometry" />
        </mxCell>
        <mxCell id="QmwZjgV08HtVLFI-FGbA-51" value="Log out" style="html=1;overflow=block;blockSpacing=1;whiteSpace=wrap;ellipse;fontSize=13;spacing=3.8;strokeColor=#3a414a;strokeOpacity=100;rounded=1;absoluteArcSize=1;arcSize=9;strokeWidth=3.8;lucidId=TfkqRNu5ENkx;" parent="QmwZjgV08HtVLFI-FGbA-43" vertex="1">
          <mxGeometry x="348" y="1240" width="128" height="63" as="geometry" />
        </mxCell>
        <mxCell id="QmwZjgV08HtVLFI-FGbA-52" value="Send material Request" style="html=1;overflow=block;blockSpacing=1;whiteSpace=wrap;ellipse;fontSize=13;spacing=3.8;strokeColor=#3a414a;strokeOpacity=100;rounded=1;absoluteArcSize=1;arcSize=9;strokeWidth=3.8;lucidId=Z6jqtcnNxoFw;" parent="QmwZjgV08HtVLFI-FGbA-43" vertex="1">
          <mxGeometry x="356" y="270" width="128" height="63" as="geometry" />
        </mxCell>
        <mxCell id="QmwZjgV08HtVLFI-FGbA-53" style="edgeStyle=orthogonalEdgeStyle;rounded=0;orthogonalLoop=1;jettySize=auto;html=1;exitX=0.5;exitY=0;exitDx=0;exitDy=0;entryX=0.5;entryY=1;entryDx=0;entryDy=0;strokeWidth=5;endArrow=block;endFill=1;" parent="QmwZjgV08HtVLFI-FGbA-43" source="QmwZjgV08HtVLFI-FGbA-56" target="QmwZjgV08HtVLFI-FGbA-52" edge="1">
          <mxGeometry relative="1" as="geometry">
            <Array as="points">
              <mxPoint x="292" y="400" />
              <mxPoint x="420" y="400" />
            </Array>
          </mxGeometry>
        </mxCell>
        <mxCell id="QmwZjgV08HtVLFI-FGbA-54" style="edgeStyle=orthogonalEdgeStyle;rounded=0;orthogonalLoop=1;jettySize=auto;html=1;exitX=0.5;exitY=1;exitDx=0;exitDy=0;dashed=1;dashPattern=1 1;strokeWidth=5;endArrow=block;endFill=1;" parent="QmwZjgV08HtVLFI-FGbA-43" source="QmwZjgV08HtVLFI-FGbA-56" target="QmwZjgV08HtVLFI-FGbA-69" edge="1">
          <mxGeometry relative="1" as="geometry">
            <Array as="points">
              <mxPoint x="292" y="550" />
              <mxPoint x="412" y="550" />
            </Array>
          </mxGeometry>
        </mxCell>
        <mxCell id="QmwZjgV08HtVLFI-FGbA-55" value="&amp;lt;&amp;lt;include&amp;gt;&amp;gt;" style="edgeLabel;html=1;align=center;verticalAlign=middle;resizable=0;points=[];" parent="QmwZjgV08HtVLFI-FGbA-54" vertex="1" connectable="0">
          <mxGeometry x="-0.2841" y="-7" relative="1" as="geometry">
            <mxPoint x="16" y="-7" as="offset" />
          </mxGeometry>
        </mxCell>
        <mxCell id="QmwZjgV08HtVLFI-FGbA-56" value="Send IT material req." style="html=1;overflow=block;blockSpacing=1;whiteSpace=wrap;ellipse;fontSize=13;spacing=3.8;strokeColor=#3a414a;strokeOpacity=100;rounded=1;absoluteArcSize=1;arcSize=9;strokeWidth=3.8;lucidId=Z6jqtcnNxoFw;" parent="QmwZjgV08HtVLFI-FGbA-43" vertex="1">
          <mxGeometry x="228" y="460" width="128" height="63" as="geometry" />
        </mxCell>
        <mxCell id="QmwZjgV08HtVLFI-FGbA-57" style="edgeStyle=orthogonalEdgeStyle;rounded=0;orthogonalLoop=1;jettySize=auto;html=1;exitX=0.5;exitY=0;exitDx=0;exitDy=0;strokeWidth=5;endArrow=block;endFill=1;" parent="QmwZjgV08HtVLFI-FGbA-43" source="QmwZjgV08HtVLFI-FGbA-59" target="QmwZjgV08HtVLFI-FGbA-52" edge="1">
          <mxGeometry relative="1" as="geometry">
            <Array as="points">
              <mxPoint x="548" y="400" />
              <mxPoint x="420" y="400" />
            </Array>
          </mxGeometry>
        </mxCell>
        <mxCell id="QmwZjgV08HtVLFI-FGbA-58" style="edgeStyle=orthogonalEdgeStyle;rounded=0;orthogonalLoop=1;jettySize=auto;html=1;exitX=0.5;exitY=1;exitDx=0;exitDy=0;dashed=1;dashPattern=1 1;strokeWidth=5;endArrow=block;endFill=1;" parent="QmwZjgV08HtVLFI-FGbA-43" source="QmwZjgV08HtVLFI-FGbA-59" target="QmwZjgV08HtVLFI-FGbA-69" edge="1">
          <mxGeometry relative="1" as="geometry">
            <Array as="points">
              <mxPoint x="548" y="550" />
              <mxPoint x="412" y="550" />
            </Array>
          </mxGeometry>
        </mxCell>
        <mxCell id="QmwZjgV08HtVLFI-FGbA-59" value="Send physical material req." style="html=1;overflow=block;blockSpacing=1;whiteSpace=wrap;ellipse;fontSize=13;spacing=3.8;strokeColor=#3a414a;strokeOpacity=100;rounded=1;absoluteArcSize=1;arcSize=9;strokeWidth=3.8;lucidId=Z6jqtcnNxoFw;" parent="QmwZjgV08HtVLFI-FGbA-43" vertex="1">
          <mxGeometry x="484" y="464" width="128" height="63" as="geometry" />
        </mxCell>
        <mxCell id="QmwZjgV08HtVLFI-FGbA-60" value="Check condition req." style="html=1;overflow=block;blockSpacing=1;whiteSpace=wrap;ellipse;fontSize=13;spacing=3.8;strokeColor=#3a414a;strokeOpacity=100;rounded=1;absoluteArcSize=1;arcSize=9;strokeWidth=3.8;lucidId=Z6jqtcnNxoFw;" parent="QmwZjgV08HtVLFI-FGbA-43" vertex="1">
          <mxGeometry x="356" y="700" width="128" height="63" as="geometry" />
        </mxCell>
        <mxCell id="QmwZjgV08HtVLFI-FGbA-61" style="edgeStyle=orthogonalEdgeStyle;rounded=0;orthogonalLoop=1;jettySize=auto;html=1;exitX=0.5;exitY=0;exitDx=0;exitDy=0;entryX=0.5;entryY=1;entryDx=0;entryDy=0;strokeWidth=5;endArrow=block;endFill=1;" parent="QmwZjgV08HtVLFI-FGbA-43" source="QmwZjgV08HtVLFI-FGbA-64" target="QmwZjgV08HtVLFI-FGbA-60" edge="1">
          <mxGeometry relative="1" as="geometry" />
        </mxCell>
        <mxCell id="QmwZjgV08HtVLFI-FGbA-62" style="edgeStyle=orthogonalEdgeStyle;rounded=0;orthogonalLoop=1;jettySize=auto;html=1;exitX=0;exitY=0.5;exitDx=0;exitDy=0;entryX=0;entryY=0.5;entryDx=0;entryDy=0;strokeWidth=5;endArrow=block;endFill=0;dashed=1;dashPattern=1 1;" parent="QmwZjgV08HtVLFI-FGbA-43" source="QmwZjgV08HtVLFI-FGbA-64" target="QmwZjgV08HtVLFI-FGbA-71" edge="1">
          <mxGeometry relative="1" as="geometry" />
        </mxCell>
        <mxCell id="QmwZjgV08HtVLFI-FGbA-63" value="&amp;lt;&amp;lt;include&amp;gt;&amp;gt;" style="edgeLabel;html=1;align=center;verticalAlign=middle;resizable=0;points=[];" parent="QmwZjgV08HtVLFI-FGbA-62" vertex="1" connectable="0">
          <mxGeometry x="-0.1161" y="-4" relative="1" as="geometry">
            <mxPoint as="offset" />
          </mxGeometry>
        </mxCell>
        <mxCell id="QmwZjgV08HtVLFI-FGbA-64" value="Check IT item" style="html=1;overflow=block;blockSpacing=1;whiteSpace=wrap;ellipse;fontSize=13;spacing=3.8;strokeColor=#3a414a;strokeOpacity=100;rounded=1;absoluteArcSize=1;arcSize=9;strokeWidth=3.8;lucidId=Z6jqtcnNxoFw;" parent="QmwZjgV08HtVLFI-FGbA-43" vertex="1">
          <mxGeometry x="240" y="880" width="128" height="60" as="geometry" />
        </mxCell>
        <mxCell id="QmwZjgV08HtVLFI-FGbA-65" style="edgeStyle=orthogonalEdgeStyle;rounded=0;orthogonalLoop=1;jettySize=auto;html=1;exitX=0.5;exitY=0;exitDx=0;exitDy=0;strokeWidth=5;endArrow=block;endFill=1;" parent="QmwZjgV08HtVLFI-FGbA-43" source="QmwZjgV08HtVLFI-FGbA-68" target="QmwZjgV08HtVLFI-FGbA-60" edge="1">
          <mxGeometry relative="1" as="geometry" />
        </mxCell>
        <mxCell id="QmwZjgV08HtVLFI-FGbA-66" style="edgeStyle=orthogonalEdgeStyle;rounded=0;orthogonalLoop=1;jettySize=auto;html=1;exitX=0.5;exitY=1;exitDx=0;exitDy=0;entryX=0;entryY=0.5;entryDx=0;entryDy=0;strokeWidth=5;endArrow=classic;endFill=1;dashed=1;dashPattern=1 1;" parent="QmwZjgV08HtVLFI-FGbA-43" source="QmwZjgV08HtVLFI-FGbA-68" target="QmwZjgV08HtVLFI-FGbA-72" edge="1">
          <mxGeometry relative="1" as="geometry" />
        </mxCell>
        <mxCell id="QmwZjgV08HtVLFI-FGbA-67" value="&amp;lt;&amp;lt;include&amp;gt;&amp;gt;" style="edgeLabel;html=1;align=center;verticalAlign=middle;resizable=0;points=[];" parent="QmwZjgV08HtVLFI-FGbA-66" vertex="1" connectable="0">
          <mxGeometry x="-0.0673" y="-2" relative="1" as="geometry">
            <mxPoint x="-1" as="offset" />
          </mxGeometry>
        </mxCell>
        <mxCell id="QmwZjgV08HtVLFI-FGbA-68" value="Check physical Item" style="html=1;overflow=block;blockSpacing=1;whiteSpace=wrap;ellipse;fontSize=13;spacing=3.8;strokeColor=#3a414a;strokeOpacity=100;rounded=1;absoluteArcSize=1;arcSize=9;strokeWidth=3.8;lucidId=Z6jqtcnNxoFw;" parent="QmwZjgV08HtVLFI-FGbA-43" vertex="1">
          <mxGeometry x="471" y="880" width="128" height="63" as="geometry" />
        </mxCell>
        <mxCell id="QmwZjgV08HtVLFI-FGbA-69" value="Send Request&amp;nbsp;&lt;br&gt;" style="html=1;overflow=block;blockSpacing=1;whiteSpace=wrap;ellipse;fontSize=13;spacing=3.8;strokeColor=#3a414a;strokeOpacity=100;rounded=1;absoluteArcSize=1;arcSize=9;strokeWidth=3.8;lucidId=Z6jqtcnNxoFw;" parent="QmwZjgV08HtVLFI-FGbA-43" vertex="1">
          <mxGeometry x="348" y="590" width="128" height="63" as="geometry" />
        </mxCell>
        <mxCell id="QmwZjgV08HtVLFI-FGbA-70" value="&amp;lt;&amp;lt;include&amp;gt;&amp;gt;" style="edgeLabel;html=1;align=center;verticalAlign=middle;resizable=0;points=[];" parent="QmwZjgV08HtVLFI-FGbA-43" vertex="1" connectable="0">
          <mxGeometry x="483.9962921348315" y="550" as="geometry" />
        </mxCell>
        <mxCell id="QmwZjgV08HtVLFI-FGbA-71" value="Send notification IT" style="html=1;overflow=block;blockSpacing=1;whiteSpace=wrap;ellipse;fontSize=13;spacing=3.8;strokeColor=#3a414a;strokeOpacity=100;rounded=1;absoluteArcSize=1;arcSize=9;strokeWidth=3.8;lucidId=Z6jqtcnNxoFw;" parent="QmwZjgV08HtVLFI-FGbA-43" vertex="1">
          <mxGeometry x="320" y="1070" width="128" height="60" as="geometry" />
        </mxCell>
        <mxCell id="QmwZjgV08HtVLFI-FGbA-72" value="Send notification Service" style="html=1;overflow=block;blockSpacing=1;whiteSpace=wrap;ellipse;fontSize=13;spacing=3.8;strokeColor=#3a414a;strokeOpacity=100;rounded=1;absoluteArcSize=1;arcSize=9;strokeWidth=3.8;lucidId=Z6jqtcnNxoFw;" parent="QmwZjgV08HtVLFI-FGbA-43" vertex="1">
          <mxGeometry x="663" y="940" width="128" height="60" as="geometry" />
        </mxCell>
        <mxCell id="QmwZjgV08HtVLFI-FGbA-73" value="User" style="text;html=1;align=center;verticalAlign=middle;resizable=0;points=[];autosize=1;strokeColor=none;fillColor=none;" parent="1" vertex="1">
          <mxGeometry x="835" y="-1055" width="50" height="30" as="geometry" />
        </mxCell>
        <mxCell id="QmwZjgV08HtVLFI-FGbA-74" style="edgeStyle=orthogonalEdgeStyle;rounded=0;orthogonalLoop=1;jettySize=auto;html=1;exitX=0.5;exitY=0.5;exitDx=0;exitDy=0;exitPerimeter=0;entryX=0;entryY=0.5;entryDx=0;entryDy=0;strokeWidth=5;endArrow=none;endFill=0;" parent="1" source="QmwZjgV08HtVLFI-FGbA-78" target="QmwZjgV08HtVLFI-FGbA-45" edge="1">
          <mxGeometry relative="1" as="geometry">
            <Array as="points">
              <mxPoint x="370" y="-470" />
              <mxPoint x="370" y="-938" />
            </Array>
          </mxGeometry>
        </mxCell>
        <mxCell id="QmwZjgV08HtVLFI-FGbA-75" style="edgeStyle=orthogonalEdgeStyle;rounded=0;orthogonalLoop=1;jettySize=auto;html=1;exitX=0.5;exitY=0.5;exitDx=0;exitDy=0;exitPerimeter=0;strokeWidth=5;endArrow=none;endFill=0;" parent="1" source="QmwZjgV08HtVLFI-FGbA-78" target="QmwZjgV08HtVLFI-FGbA-52" edge="1">
          <mxGeometry relative="1" as="geometry">
            <Array as="points">
              <mxPoint x="370" y="-470" />
              <mxPoint x="370" y="-768" />
            </Array>
          </mxGeometry>
        </mxCell>
        <mxCell id="QmwZjgV08HtVLFI-FGbA-76" style="edgeStyle=orthogonalEdgeStyle;rounded=0;orthogonalLoop=1;jettySize=auto;html=1;exitX=0.5;exitY=0.5;exitDx=0;exitDy=0;exitPerimeter=0;entryX=0;entryY=0.5;entryDx=0;entryDy=0;strokeWidth=5;endArrow=none;endFill=0;" parent="1" source="QmwZjgV08HtVLFI-FGbA-78" target="QmwZjgV08HtVLFI-FGbA-60" edge="1">
          <mxGeometry relative="1" as="geometry">
            <Array as="points">
              <mxPoint x="370" y="-470" />
              <mxPoint x="370" y="-358" />
            </Array>
          </mxGeometry>
        </mxCell>
        <mxCell id="QmwZjgV08HtVLFI-FGbA-77" style="edgeStyle=orthogonalEdgeStyle;rounded=0;orthogonalLoop=1;jettySize=auto;html=1;exitX=0.5;exitY=0.5;exitDx=0;exitDy=0;exitPerimeter=0;entryX=0;entryY=0.5;entryDx=0;entryDy=0;strokeWidth=5;endArrow=none;endFill=0;" parent="1" source="QmwZjgV08HtVLFI-FGbA-78" target="QmwZjgV08HtVLFI-FGbA-51" edge="1">
          <mxGeometry relative="1" as="geometry">
            <Array as="points">
              <mxPoint x="370" y="-470" />
              <mxPoint x="370" y="182" />
            </Array>
          </mxGeometry>
        </mxCell>
        <mxCell id="QmwZjgV08HtVLFI-FGbA-78" value="User&lt;br&gt;" style="shape=umlActor;verticalLabelPosition=bottom;verticalAlign=top;html=1;" parent="1" vertex="1">
          <mxGeometry x="310" y="-500" width="30" height="60" as="geometry" />
        </mxCell>
        <mxCell id="QmwZjgV08HtVLFI-FGbA-79" style="edgeStyle=orthogonalEdgeStyle;rounded=0;orthogonalLoop=1;jettySize=auto;html=1;exitX=0.5;exitY=0.5;exitDx=0;exitDy=0;exitPerimeter=0;entryX=1;entryY=0.5;entryDx=0;entryDy=0;strokeWidth=5;endArrow=none;endFill=0;" parent="1" source="QmwZjgV08HtVLFI-FGbA-80" target="QmwZjgV08HtVLFI-FGbA-69" edge="1">
          <mxGeometry relative="1" as="geometry">
            <Array as="points">
              <mxPoint x="1415" y="-469" />
              <mxPoint x="936" y="-469" />
            </Array>
          </mxGeometry>
        </mxCell>
        <mxCell id="QmwZjgV08HtVLFI-FGbA-80" value="HR" style="shape=umlActor;verticalLabelPosition=bottom;verticalAlign=top;html=1;outlineConnect=0;" parent="1" vertex="1">
          <mxGeometry x="1420" y="-490" width="30" height="60" as="geometry" />
        </mxCell>
        <mxCell id="QmwZjgV08HtVLFI-FGbA-81" value="Service" style="shape=umlActor;verticalLabelPosition=bottom;verticalAlign=top;html=1;outlineConnect=0;labelBackgroundColor=default;" parent="1" vertex="1">
          <mxGeometry x="1410" y="-150" width="30" height="60" as="geometry" />
        </mxCell>
        <mxCell id="QmwZjgV08HtVLFI-FGbA-82" value="IT" style="shape=umlActor;verticalLabelPosition=bottom;verticalAlign=top;html=1;outlineConnect=0;labelBackgroundColor=default;" parent="1" vertex="1">
          <mxGeometry x="1410" y="-20" width="30" height="60" as="geometry" />
        </mxCell>
        <mxCell id="QmwZjgV08HtVLFI-FGbA-83" style="edgeStyle=orthogonalEdgeStyle;rounded=0;orthogonalLoop=1;jettySize=auto;html=1;exitX=1;exitY=0.5;exitDx=0;exitDy=0;strokeWidth=5;endArrow=none;endFill=0;" parent="1" source="QmwZjgV08HtVLFI-FGbA-71" target="QmwZjgV08HtVLFI-FGbA-82" edge="1">
          <mxGeometry relative="1" as="geometry" />
        </mxCell>
        <mxCell id="QmwZjgV08HtVLFI-FGbA-84" style="edgeStyle=orthogonalEdgeStyle;rounded=0;orthogonalLoop=1;jettySize=auto;html=1;exitX=1;exitY=0.5;exitDx=0;exitDy=0;strokeWidth=5;endArrow=none;endFill=0;" parent="1" source="QmwZjgV08HtVLFI-FGbA-72" target="QmwZjgV08HtVLFI-FGbA-81" edge="1">
          <mxGeometry relative="1" as="geometry" />
        </mxCell>
      </root>
    </mxGraphModel>
  </diagram>
</mxfile>
