<mxfile host="app.diagrams.net" modified="2023-01-21T19:04:13.305Z" agent="5.0 (Windows NT 10.0; Win64; x64) AppleWebKit/537.36 (KHTML, like Gecko) Chrome/108.0.0.0 Safari/537.36 OPR/94.0.0.0" etag="c28IQT_sJuIOjHvqw4LN" version="20.8.10" type="github">
  <diagram name="Page-1" id="b858hs-n1lwkJYOzjiSd">
    <mxGraphModel dx="1009" dy="581" grid="1" gridSize="10" guides="1" tooltips="1" connect="1" arrows="1" fold="1" page="1" pageScale="1" pageWidth="850" pageHeight="1100" math="0" shadow="0">
      <root>
        <mxCell id="0" />
        <mxCell id="1" parent="0" />
        <mxCell id="xmE47NRadIQYLl4RPug6-1" value="" style="ellipse;html=1;shape=startState;fillColor=#000000;strokeColor=#ff0000;" parent="1" vertex="1">
          <mxGeometry x="265" y="70" width="30" height="30" as="geometry" />
        </mxCell>
        <mxCell id="xmE47NRadIQYLl4RPug6-2" value="" style="edgeStyle=orthogonalEdgeStyle;html=1;verticalAlign=bottom;endArrow=open;endSize=8;strokeColor=#ff0000;rounded=0;" parent="1" source="xmE47NRadIQYLl4RPug6-1" edge="1">
          <mxGeometry relative="1" as="geometry">
            <mxPoint x="280" y="160" as="targetPoint" />
          </mxGeometry>
        </mxCell>
        <mxCell id="xmE47NRadIQYLl4RPug6-4" value="User puts old password" style="rounded=1;whiteSpace=wrap;html=1;arcSize=40;fontColor=#000000;fillColor=#ffffc0;strokeColor=#ff0000;" parent="1" vertex="1">
          <mxGeometry x="220" y="160" width="120" height="40" as="geometry" />
        </mxCell>
        <mxCell id="xmE47NRadIQYLl4RPug6-5" value="" style="edgeStyle=orthogonalEdgeStyle;html=1;verticalAlign=bottom;endArrow=open;endSize=8;strokeColor=#ff0000;rounded=0;" parent="1" source="xmE47NRadIQYLl4RPug6-4" edge="1">
          <mxGeometry relative="1" as="geometry">
            <mxPoint x="280" y="260" as="targetPoint" />
          </mxGeometry>
        </mxCell>
        <mxCell id="xmE47NRadIQYLl4RPug6-6" value="Is it valid?" style="rhombus;whiteSpace=wrap;html=1;fillColor=#ffffc0;strokeColor=#ff0000;" parent="1" vertex="1">
          <mxGeometry x="240" y="260" width="80" height="40" as="geometry" />
        </mxCell>
        <mxCell id="xmE47NRadIQYLl4RPug6-7" value="no" style="edgeStyle=orthogonalEdgeStyle;html=1;align=left;verticalAlign=bottom;endArrow=open;endSize=8;strokeColor=#ff0000;rounded=0;entryX=1;entryY=0.5;entryDx=0;entryDy=0;" parent="1" source="xmE47NRadIQYLl4RPug6-6" target="xmE47NRadIQYLl4RPug6-4" edge="1">
          <mxGeometry x="-1" relative="1" as="geometry">
            <mxPoint x="425" y="180" as="targetPoint" />
            <Array as="points">
              <mxPoint x="465" y="280" />
              <mxPoint x="465" y="180" />
            </Array>
          </mxGeometry>
        </mxCell>
        <mxCell id="xmE47NRadIQYLl4RPug6-8" value="yes" style="edgeStyle=orthogonalEdgeStyle;html=1;align=left;verticalAlign=top;endArrow=open;endSize=8;strokeColor=#ff0000;rounded=0;entryX=0.5;entryY=0;entryDx=0;entryDy=0;" parent="1" source="xmE47NRadIQYLl4RPug6-6" target="xmE47NRadIQYLl4RPug6-9" edge="1">
          <mxGeometry x="-1" relative="1" as="geometry">
            <mxPoint x="275" y="360" as="targetPoint" />
            <Array as="points" />
          </mxGeometry>
        </mxCell>
        <mxCell id="xmE47NRadIQYLl4RPug6-9" value="User enters new password to get confirmed" style="rounded=1;whiteSpace=wrap;html=1;arcSize=40;fontColor=#000000;fillColor=#ffffc0;strokeColor=#ff0000;" parent="1" vertex="1">
          <mxGeometry x="220" y="380" width="120" height="40" as="geometry" />
        </mxCell>
        <mxCell id="xmE47NRadIQYLl4RPug6-10" value="" style="edgeStyle=orthogonalEdgeStyle;html=1;verticalAlign=bottom;endArrow=open;endSize=8;strokeColor=#ff0000;rounded=0;" parent="1" source="xmE47NRadIQYLl4RPug6-9" edge="1">
          <mxGeometry relative="1" as="geometry">
            <mxPoint x="280" y="480" as="targetPoint" />
          </mxGeometry>
        </mxCell>
        <mxCell id="xmE47NRadIQYLl4RPug6-11" value="Confirmed?" style="rhombus;whiteSpace=wrap;html=1;fillColor=#ffffc0;strokeColor=#ff0000;" parent="1" vertex="1">
          <mxGeometry x="240" y="480" width="80" height="40" as="geometry" />
        </mxCell>
        <mxCell id="xmE47NRadIQYLl4RPug6-12" value="no" style="edgeStyle=orthogonalEdgeStyle;html=1;align=left;verticalAlign=bottom;endArrow=open;endSize=8;strokeColor=#ff0000;rounded=0;entryX=1;entryY=0.5;entryDx=0;entryDy=0;" parent="1" source="xmE47NRadIQYLl4RPug6-11" target="xmE47NRadIQYLl4RPug6-9" edge="1">
          <mxGeometry x="-1" relative="1" as="geometry">
            <mxPoint x="460" y="400" as="targetPoint" />
            <Array as="points">
              <mxPoint x="460" y="500" />
              <mxPoint x="460" y="400" />
            </Array>
          </mxGeometry>
        </mxCell>
        <mxCell id="xmE47NRadIQYLl4RPug6-13" value="yes" style="edgeStyle=orthogonalEdgeStyle;html=1;align=left;verticalAlign=top;endArrow=open;endSize=8;strokeColor=#ff0000;rounded=0;" parent="1" source="xmE47NRadIQYLl4RPug6-11" edge="1">
          <mxGeometry x="-1" relative="1" as="geometry">
            <mxPoint x="280" y="580" as="targetPoint" />
          </mxGeometry>
        </mxCell>
        <mxCell id="xmE47NRadIQYLl4RPug6-14" value="Login is successful" style="rounded=1;whiteSpace=wrap;html=1;arcSize=40;fontColor=#000000;fillColor=#ffffc0;strokeColor=#ff0000;" parent="1" vertex="1">
          <mxGeometry x="220" y="580" width="120" height="40" as="geometry" />
        </mxCell>
        <mxCell id="xmE47NRadIQYLl4RPug6-15" value="" style="edgeStyle=orthogonalEdgeStyle;html=1;verticalAlign=bottom;endArrow=open;endSize=8;strokeColor=#ff0000;rounded=0;" parent="1" source="xmE47NRadIQYLl4RPug6-14" edge="1">
          <mxGeometry relative="1" as="geometry">
            <mxPoint x="280" y="680" as="targetPoint" />
          </mxGeometry>
        </mxCell>
        <mxCell id="xmE47NRadIQYLl4RPug6-16" value="" style="ellipse;html=1;shape=endState;fillColor=#000000;strokeColor=#ff0000;" parent="1" vertex="1">
          <mxGeometry x="265" y="680" width="30" height="30" as="geometry" />
        </mxCell>
      </root>
    </mxGraphModel>
  </diagram>
</mxfile>
