<mxfile host="app.diagrams.net" modified="2023-01-21T19:05:44.925Z" agent="5.0 (Windows NT 10.0; Win64; x64) AppleWebKit/537.36 (KHTML, like Gecko) Chrome/108.0.0.0 Safari/537.36 OPR/94.0.0.0" etag="MCLKntVnZszN8uJ4LwjL" version="20.8.10" type="github">
  <diagram name="Page-1" id="ce-rHAw91lPRsGh1i9mG">
    <mxGraphModel dx="1009" dy="581" grid="1" gridSize="10" guides="1" tooltips="1" connect="1" arrows="1" fold="1" page="1" pageScale="1" pageWidth="850" pageHeight="1100" math="0" shadow="0">
      <root>
        <mxCell id="0" />
        <mxCell id="1" parent="0" />
        <mxCell id="eAFbhFwMuDQpGZBuMRVB-3" value="" style="ellipse;html=1;shape=startState;fillColor=#000000;strokeColor=#ff0000;" parent="1" vertex="1">
          <mxGeometry x="205" y="50" width="30" height="30" as="geometry" />
        </mxCell>
        <mxCell id="eAFbhFwMuDQpGZBuMRVB-4" value="" style="edgeStyle=orthogonalEdgeStyle;html=1;verticalAlign=bottom;endArrow=open;endSize=8;strokeColor=#ff0000;rounded=0;" parent="1" source="eAFbhFwMuDQpGZBuMRVB-3" edge="1">
          <mxGeometry relative="1" as="geometry">
            <mxPoint x="220" y="140" as="targetPoint" />
          </mxGeometry>
        </mxCell>
        <mxCell id="eAFbhFwMuDQpGZBuMRVB-9" value="Website log in display" style="rounded=1;whiteSpace=wrap;html=1;arcSize=40;fontColor=#000000;fillColor=#ffffc0;strokeColor=#ff0000;fontFamily=Helvetica;fontSize=12;" parent="1" vertex="1">
          <mxGeometry x="160" y="140" width="120" height="40" as="geometry" />
        </mxCell>
        <mxCell id="eAFbhFwMuDQpGZBuMRVB-10" value="" style="edgeStyle=orthogonalEdgeStyle;html=1;verticalAlign=bottom;endArrow=open;endSize=8;strokeColor=#ff0000;rounded=0;fontFamily=Helvetica;fontSize=12;fontColor=default;" parent="1" source="eAFbhFwMuDQpGZBuMRVB-9" edge="1">
          <mxGeometry relative="1" as="geometry">
            <mxPoint x="220" y="240" as="targetPoint" />
          </mxGeometry>
        </mxCell>
        <mxCell id="eAFbhFwMuDQpGZBuMRVB-11" value="user has&lt;br&gt;an account?" style="rhombus;whiteSpace=wrap;html=1;fillColor=#ffffc0;strokeColor=#ff0000;rounded=1;fontFamily=Helvetica;fontSize=12;fontColor=default;" parent="1" vertex="1">
          <mxGeometry x="175" y="240" width="95" height="50" as="geometry" />
        </mxCell>
        <mxCell id="eAFbhFwMuDQpGZBuMRVB-12" value="no" style="edgeStyle=orthogonalEdgeStyle;html=1;align=left;verticalAlign=bottom;endArrow=open;endSize=8;strokeColor=#ff0000;rounded=0;fontFamily=Helvetica;fontSize=12;fontColor=default;entryX=0.5;entryY=1;entryDx=0;entryDy=0;" parent="1" source="eAFbhFwMuDQpGZBuMRVB-11" target="eAFbhFwMuDQpGZBuMRVB-26" edge="1">
          <mxGeometry x="-1" relative="1" as="geometry">
            <mxPoint x="550" y="260" as="targetPoint" />
            <Array as="points">
              <mxPoint x="550" y="265" />
            </Array>
          </mxGeometry>
        </mxCell>
        <mxCell id="eAFbhFwMuDQpGZBuMRVB-13" value="yes" style="edgeStyle=orthogonalEdgeStyle;html=1;align=left;verticalAlign=top;endArrow=open;endSize=8;strokeColor=#ff0000;rounded=0;fontFamily=Helvetica;fontSize=12;fontColor=default;" parent="1" source="eAFbhFwMuDQpGZBuMRVB-11" edge="1">
          <mxGeometry x="-1" relative="1" as="geometry">
            <mxPoint x="220" y="340" as="targetPoint" />
            <Array as="points">
              <mxPoint x="220" y="310" />
              <mxPoint x="220" y="310" />
            </Array>
          </mxGeometry>
        </mxCell>
        <mxCell id="eAFbhFwMuDQpGZBuMRVB-15" value="Right credentials?" style="rhombus;whiteSpace=wrap;html=1;fillColor=#ffffc0;strokeColor=#ff0000;rounded=1;fontFamily=Helvetica;fontSize=12;fontColor=default;" parent="1" vertex="1">
          <mxGeometry x="175" y="440" width="90" height="50" as="geometry" />
        </mxCell>
        <mxCell id="eAFbhFwMuDQpGZBuMRVB-16" value="no" style="edgeStyle=orthogonalEdgeStyle;html=1;align=left;verticalAlign=bottom;endArrow=open;endSize=8;strokeColor=#ff0000;rounded=0;fontFamily=Helvetica;fontSize=12;fontColor=default;" parent="1" source="eAFbhFwMuDQpGZBuMRVB-15" edge="1">
          <mxGeometry x="-1" relative="1" as="geometry">
            <mxPoint x="220" y="320" as="targetPoint" />
            <Array as="points">
              <mxPoint x="360" y="465" />
              <mxPoint x="360" y="320" />
            </Array>
          </mxGeometry>
        </mxCell>
        <mxCell id="eAFbhFwMuDQpGZBuMRVB-17" value="yes" style="edgeStyle=orthogonalEdgeStyle;html=1;align=left;verticalAlign=top;endArrow=open;endSize=8;strokeColor=#ff0000;rounded=0;fontFamily=Helvetica;fontSize=12;fontColor=default;" parent="1" source="eAFbhFwMuDQpGZBuMRVB-15" edge="1">
          <mxGeometry x="-1" relative="1" as="geometry">
            <mxPoint x="220" y="520" as="targetPoint" />
          </mxGeometry>
        </mxCell>
        <mxCell id="eAFbhFwMuDQpGZBuMRVB-22" value="User types username and password" style="rounded=1;whiteSpace=wrap;html=1;arcSize=40;fontColor=#000000;fillColor=#ffffc0;strokeColor=#ff0000;fontFamily=Helvetica;fontSize=12;" parent="1" vertex="1">
          <mxGeometry x="160" y="340" width="120" height="40" as="geometry" />
        </mxCell>
        <mxCell id="eAFbhFwMuDQpGZBuMRVB-23" value="" style="edgeStyle=orthogonalEdgeStyle;html=1;verticalAlign=bottom;endArrow=open;endSize=8;strokeColor=#ff0000;rounded=0;fontFamily=Helvetica;fontSize=12;fontColor=default;" parent="1" source="eAFbhFwMuDQpGZBuMRVB-22" edge="1">
          <mxGeometry relative="1" as="geometry">
            <mxPoint x="220" y="440" as="targetPoint" />
          </mxGeometry>
        </mxCell>
        <mxCell id="eAFbhFwMuDQpGZBuMRVB-24" value="User is sent to website display" style="rounded=1;whiteSpace=wrap;html=1;arcSize=40;fontColor=#000000;fillColor=#ffffc0;strokeColor=#ff0000;fontFamily=Helvetica;fontSize=12;" parent="1" vertex="1">
          <mxGeometry x="160" y="520" width="120" height="40" as="geometry" />
        </mxCell>
        <mxCell id="eAFbhFwMuDQpGZBuMRVB-25" value="" style="edgeStyle=orthogonalEdgeStyle;html=1;verticalAlign=bottom;endArrow=open;endSize=8;strokeColor=#ff0000;rounded=0;fontFamily=Helvetica;fontSize=12;fontColor=default;" parent="1" source="eAFbhFwMuDQpGZBuMRVB-24" target="eAFbhFwMuDQpGZBuMRVB-29" edge="1">
          <mxGeometry relative="1" as="geometry">
            <mxPoint x="220" y="620" as="targetPoint" />
          </mxGeometry>
        </mxCell>
        <mxCell id="eAFbhFwMuDQpGZBuMRVB-26" value="user contacts HR" style="rounded=1;whiteSpace=wrap;html=1;arcSize=40;fontColor=#000000;fillColor=#ffffc0;strokeColor=#ff0000;fontFamily=Helvetica;fontSize=12;" parent="1" vertex="1">
          <mxGeometry x="490" y="200" width="120" height="40" as="geometry" />
        </mxCell>
        <mxCell id="eAFbhFwMuDQpGZBuMRVB-27" value="" style="edgeStyle=orthogonalEdgeStyle;html=1;verticalAlign=bottom;endArrow=open;endSize=8;strokeColor=#ff0000;rounded=0;fontFamily=Helvetica;fontSize=12;fontColor=default;entryX=1;entryY=0.5;entryDx=0;entryDy=0;" parent="1" source="eAFbhFwMuDQpGZBuMRVB-26" target="eAFbhFwMuDQpGZBuMRVB-9" edge="1">
          <mxGeometry relative="1" as="geometry">
            <mxPoint x="550" y="140" as="targetPoint" />
            <Array as="points">
              <mxPoint x="550" y="160" />
            </Array>
          </mxGeometry>
        </mxCell>
        <mxCell id="eAFbhFwMuDQpGZBuMRVB-29" value="" style="ellipse;html=1;shape=endState;fillColor=#000000;strokeColor=#ff0000;rounded=1;fontFamily=Helvetica;fontSize=12;fontColor=default;" parent="1" vertex="1">
          <mxGeometry x="205" y="605" width="30" height="30" as="geometry" />
        </mxCell>
      </root>
    </mxGraphModel>
  </diagram>
</mxfile>
