<mxfile host="app.diagrams.net" modified="2023-01-21T21:50:26.268Z" agent="5.0 (Windows NT 10.0; Win64; x64) AppleWebKit/537.36 (KHTML, like Gecko) Chrome/108.0.0.0 Safari/537.36 OPR/94.0.0.0" etag="JduYPUdXPItGIbF_yAUD" version="20.8.10" type="github">
  <diagram name="Page-1" id="5ZFHBY5OEsL5XtV_ymcS">
    <mxGraphModel dx="1009" dy="581" grid="1" gridSize="10" guides="1" tooltips="1" connect="1" arrows="1" fold="1" page="1" pageScale="1" pageWidth="850" pageHeight="1100" math="0" shadow="0">
      <root>
        <mxCell id="0" />
        <mxCell id="1" parent="0" />
        <mxCell id="7XWUYFImewgTT5-aFslz-1" value="" style="ellipse;html=1;shape=startState;fillColor=#000000;strokeColor=#ff0000;" parent="1" vertex="1">
          <mxGeometry x="250" y="90" width="30" height="30" as="geometry" />
        </mxCell>
        <mxCell id="7XWUYFImewgTT5-aFslz-2" value="" style="edgeStyle=orthogonalEdgeStyle;html=1;verticalAlign=bottom;endArrow=open;endSize=8;strokeColor=#ff0000;rounded=0;" parent="1" source="7XWUYFImewgTT5-aFslz-1" edge="1">
          <mxGeometry relative="1" as="geometry">
            <mxPoint x="265" y="180" as="targetPoint" />
          </mxGeometry>
        </mxCell>
        <mxCell id="7XWUYFImewgTT5-aFslz-3" value="Admin puts username and password" style="rounded=1;whiteSpace=wrap;html=1;arcSize=40;fontColor=#000000;fillColor=#ffffc0;strokeColor=#ff0000;" parent="1" vertex="1">
          <mxGeometry x="205" y="180" width="120" height="40" as="geometry" />
        </mxCell>
        <mxCell id="7XWUYFImewgTT5-aFslz-4" value="" style="edgeStyle=orthogonalEdgeStyle;html=1;verticalAlign=bottom;endArrow=open;endSize=8;strokeColor=#ff0000;rounded=0;" parent="1" source="7XWUYFImewgTT5-aFslz-3" edge="1">
          <mxGeometry relative="1" as="geometry">
            <mxPoint x="265" y="280" as="targetPoint" />
          </mxGeometry>
        </mxCell>
        <mxCell id="7XWUYFImewgTT5-aFslz-5" value="Authentication" style="rounded=1;whiteSpace=wrap;html=1;arcSize=40;fontColor=#000000;fillColor=#ffffc0;strokeColor=#ff0000;" parent="1" vertex="1">
          <mxGeometry x="205" y="280" width="120" height="40" as="geometry" />
        </mxCell>
        <mxCell id="7XWUYFImewgTT5-aFslz-6" value="" style="edgeStyle=orthogonalEdgeStyle;html=1;verticalAlign=bottom;endArrow=open;endSize=8;strokeColor=#ff0000;rounded=0;" parent="1" source="7XWUYFImewgTT5-aFslz-5" edge="1">
          <mxGeometry relative="1" as="geometry">
            <mxPoint x="265" y="380" as="targetPoint" />
          </mxGeometry>
        </mxCell>
        <mxCell id="7XWUYFImewgTT5-aFslz-7" value="Condition" style="rhombus;whiteSpace=wrap;html=1;fillColor=#ffffc0;strokeColor=#ff0000;" parent="1" vertex="1">
          <mxGeometry x="225" y="380" width="80" height="40" as="geometry" />
        </mxCell>
        <mxCell id="7XWUYFImewgTT5-aFslz-8" value="no" style="edgeStyle=orthogonalEdgeStyle;html=1;align=left;verticalAlign=bottom;endArrow=open;endSize=8;strokeColor=#ff0000;rounded=0;entryX=1;entryY=0.5;entryDx=0;entryDy=0;" parent="1" source="7XWUYFImewgTT5-aFslz-7" target="7XWUYFImewgTT5-aFslz-3" edge="1">
          <mxGeometry x="0.0465" y="10" relative="1" as="geometry">
            <mxPoint x="370" y="200" as="targetPoint" />
            <Array as="points">
              <mxPoint x="430" y="400" />
              <mxPoint x="430" y="200" />
            </Array>
            <mxPoint as="offset" />
          </mxGeometry>
        </mxCell>
        <mxCell id="7XWUYFImewgTT5-aFslz-9" value="yes" style="edgeStyle=orthogonalEdgeStyle;html=1;align=left;verticalAlign=top;endArrow=open;endSize=8;strokeColor=#ff0000;rounded=0;entryX=0.503;entryY=0.328;entryDx=0;entryDy=0;entryPerimeter=0;" parent="1" source="7XWUYFImewgTT5-aFslz-7" target="7XWUYFImewgTT5-aFslz-10" edge="1">
          <mxGeometry x="-0.523" y="-5" relative="1" as="geometry">
            <mxPoint x="270" y="480" as="targetPoint" />
            <Array as="points" />
            <mxPoint as="offset" />
          </mxGeometry>
        </mxCell>
        <mxCell id="7XWUYFImewgTT5-aFslz-10" value="" style="shape=line;html=1;strokeWidth=6;strokeColor=#ff0000;" parent="1" vertex="1">
          <mxGeometry x="165" y="500" width="200" height="10" as="geometry" />
        </mxCell>
        <mxCell id="7XWUYFImewgTT5-aFslz-11" value="" style="edgeStyle=orthogonalEdgeStyle;html=1;verticalAlign=bottom;endArrow=open;endSize=8;strokeColor=#ff0000;rounded=0;" parent="1" source="7XWUYFImewgTT5-aFslz-10" edge="1">
          <mxGeometry relative="1" as="geometry">
            <mxPoint x="265" y="580" as="targetPoint" />
          </mxGeometry>
        </mxCell>
        <mxCell id="7XWUYFImewgTT5-aFslz-12" value="Web-application homescreen" style="rounded=1;whiteSpace=wrap;html=1;arcSize=40;fontColor=#000000;fillColor=#ffffc0;strokeColor=#ff0000;" parent="1" vertex="1">
          <mxGeometry x="205" y="580" width="120" height="40" as="geometry" />
        </mxCell>
        <mxCell id="7XWUYFImewgTT5-aFslz-13" value="" style="edgeStyle=orthogonalEdgeStyle;html=1;verticalAlign=bottom;endArrow=open;endSize=8;strokeColor=#ff0000;rounded=0;" parent="1" source="7XWUYFImewgTT5-aFslz-12" edge="1">
          <mxGeometry relative="1" as="geometry">
            <mxPoint x="265" y="680" as="targetPoint" />
          </mxGeometry>
        </mxCell>
        <mxCell id="7XWUYFImewgTT5-aFslz-14" value="Manage inventory" style="rounded=1;whiteSpace=wrap;html=1;arcSize=40;fontColor=#000000;fillColor=#ffffc0;strokeColor=#ff0000;" parent="1" vertex="1">
          <mxGeometry x="205" y="680" width="120" height="40" as="geometry" />
        </mxCell>
        <mxCell id="7XWUYFImewgTT5-aFslz-15" value="" style="edgeStyle=orthogonalEdgeStyle;html=1;verticalAlign=bottom;endArrow=open;endSize=8;strokeColor=#ff0000;rounded=0;" parent="1" source="7XWUYFImewgTT5-aFslz-14" edge="1">
          <mxGeometry relative="1" as="geometry">
            <mxPoint x="265" y="780" as="targetPoint" />
          </mxGeometry>
        </mxCell>
        <mxCell id="7XWUYFImewgTT5-aFslz-16" value="Add or&amp;nbsp;&lt;br&gt;Delete&lt;br&gt;item?" style="rhombus;whiteSpace=wrap;html=1;fillColor=#ffffc0;strokeColor=#ff0000;" parent="1" vertex="1">
          <mxGeometry x="222.5" y="780" width="85" height="50" as="geometry" />
        </mxCell>
        <mxCell id="7XWUYFImewgTT5-aFslz-17" value="Delete" style="edgeStyle=orthogonalEdgeStyle;html=1;align=left;verticalAlign=bottom;endArrow=open;endSize=8;strokeColor=#ff0000;rounded=0;entryX=0.5;entryY=0;entryDx=0;entryDy=0;" parent="1" source="7XWUYFImewgTT5-aFslz-16" target="7XWUYFImewgTT5-aFslz-21" edge="1">
          <mxGeometry x="0.3" y="10" relative="1" as="geometry">
            <mxPoint x="430" y="860" as="targetPoint" />
            <Array as="points">
              <mxPoint x="425" y="805" />
            </Array>
            <mxPoint as="offset" />
          </mxGeometry>
        </mxCell>
        <mxCell id="7XWUYFImewgTT5-aFslz-18" value="Add" style="edgeStyle=orthogonalEdgeStyle;html=1;align=left;verticalAlign=top;endArrow=open;endSize=8;strokeColor=#ff0000;rounded=0;exitX=0;exitY=0.5;exitDx=0;exitDy=0;entryX=0.5;entryY=0;entryDx=0;entryDy=0;" parent="1" source="7XWUYFImewgTT5-aFslz-16" target="7XWUYFImewgTT5-aFslz-19" edge="1">
          <mxGeometry x="0.0588" y="-30" relative="1" as="geometry">
            <mxPoint x="140" y="850" as="targetPoint" />
            <Array as="points">
              <mxPoint x="105" y="805" />
            </Array>
            <mxPoint as="offset" />
          </mxGeometry>
        </mxCell>
        <mxCell id="7XWUYFImewgTT5-aFslz-19" value="Item name" style="rounded=1;whiteSpace=wrap;html=1;arcSize=40;fontColor=#000000;fillColor=#ffffc0;strokeColor=#ff0000;" parent="1" vertex="1">
          <mxGeometry x="45" y="870" width="120" height="40" as="geometry" />
        </mxCell>
        <mxCell id="7XWUYFImewgTT5-aFslz-20" value="" style="edgeStyle=orthogonalEdgeStyle;html=1;verticalAlign=bottom;endArrow=open;endSize=8;strokeColor=#ff0000;rounded=0;" parent="1" source="7XWUYFImewgTT5-aFslz-19" edge="1">
          <mxGeometry relative="1" as="geometry">
            <mxPoint x="105" y="970" as="targetPoint" />
          </mxGeometry>
        </mxCell>
        <mxCell id="7XWUYFImewgTT5-aFslz-21" value="Item name" style="rounded=1;whiteSpace=wrap;html=1;arcSize=40;fontColor=#000000;fillColor=#ffffc0;strokeColor=#ff0000;" parent="1" vertex="1">
          <mxGeometry x="365" y="870" width="120" height="40" as="geometry" />
        </mxCell>
        <mxCell id="7XWUYFImewgTT5-aFslz-22" value="" style="edgeStyle=orthogonalEdgeStyle;html=1;verticalAlign=bottom;endArrow=open;endSize=8;strokeColor=#ff0000;rounded=0;" parent="1" source="7XWUYFImewgTT5-aFslz-21" edge="1">
          <mxGeometry relative="1" as="geometry">
            <mxPoint x="425" y="970" as="targetPoint" />
          </mxGeometry>
        </mxCell>
        <mxCell id="7XWUYFImewgTT5-aFslz-23" value="Select the quantity" style="rounded=1;whiteSpace=wrap;html=1;arcSize=40;fontColor=#000000;fillColor=#ffffc0;strokeColor=#ff0000;" parent="1" vertex="1">
          <mxGeometry x="45" y="970" width="120" height="40" as="geometry" />
        </mxCell>
        <mxCell id="7XWUYFImewgTT5-aFslz-24" value="" style="edgeStyle=orthogonalEdgeStyle;html=1;verticalAlign=bottom;endArrow=open;endSize=8;strokeColor=#ff0000;rounded=0;" parent="1" source="7XWUYFImewgTT5-aFslz-23" edge="1">
          <mxGeometry relative="1" as="geometry">
            <mxPoint x="105" y="1070" as="targetPoint" />
          </mxGeometry>
        </mxCell>
        <mxCell id="7XWUYFImewgTT5-aFslz-25" value="Add item details" style="rounded=1;whiteSpace=wrap;html=1;arcSize=40;fontColor=#000000;fillColor=#ffffc0;strokeColor=#ff0000;" parent="1" vertex="1">
          <mxGeometry x="45" y="1070" width="120" height="40" as="geometry" />
        </mxCell>
        <mxCell id="7XWUYFImewgTT5-aFslz-26" value="" style="edgeStyle=orthogonalEdgeStyle;html=1;verticalAlign=bottom;endArrow=open;endSize=8;strokeColor=#ff0000;rounded=0;" parent="1" source="7XWUYFImewgTT5-aFslz-25" edge="1">
          <mxGeometry relative="1" as="geometry">
            <mxPoint x="105" y="1170" as="targetPoint" />
          </mxGeometry>
        </mxCell>
        <mxCell id="7XWUYFImewgTT5-aFslz-27" value="Specify the category" style="rounded=1;whiteSpace=wrap;html=1;arcSize=40;fontColor=#000000;fillColor=#ffffc0;strokeColor=#ff0000;" parent="1" vertex="1">
          <mxGeometry x="45" y="1170" width="120" height="40" as="geometry" />
        </mxCell>
        <mxCell id="7XWUYFImewgTT5-aFslz-28" value="" style="edgeStyle=orthogonalEdgeStyle;html=1;verticalAlign=bottom;endArrow=open;endSize=8;strokeColor=#ff0000;rounded=0;entryX=0;entryY=0.5;entryDx=0;entryDy=0;" parent="1" source="7XWUYFImewgTT5-aFslz-27" target="7XWUYFImewgTT5-aFslz-31" edge="1">
          <mxGeometry relative="1" as="geometry">
            <mxPoint x="105" y="1330" as="targetPoint" />
          </mxGeometry>
        </mxCell>
        <mxCell id="7XWUYFImewgTT5-aFslz-29" value="Select the amount of that item&amp;nbsp;&lt;br&gt;to be deleted" style="rounded=1;whiteSpace=wrap;html=1;arcSize=40;fontColor=#000000;fillColor=#ffffc0;strokeColor=#ff0000;" parent="1" vertex="1">
          <mxGeometry x="365" y="970" width="120" height="40" as="geometry" />
        </mxCell>
        <mxCell id="7XWUYFImewgTT5-aFslz-30" value="" style="edgeStyle=orthogonalEdgeStyle;html=1;verticalAlign=bottom;endArrow=open;endSize=8;strokeColor=#ff0000;rounded=0;entryX=1;entryY=0.5;entryDx=0;entryDy=0;" parent="1" source="7XWUYFImewgTT5-aFslz-29" target="7XWUYFImewgTT5-aFslz-31" edge="1">
          <mxGeometry relative="1" as="geometry">
            <mxPoint x="425" y="1210" as="targetPoint" />
            <Array as="points">
              <mxPoint x="425" y="1150" />
              <mxPoint x="370" y="1150" />
              <mxPoint x="370" y="1310" />
            </Array>
          </mxGeometry>
        </mxCell>
        <mxCell id="7XWUYFImewgTT5-aFslz-31" value="Save changes" style="rounded=1;whiteSpace=wrap;html=1;arcSize=40;fontColor=#000000;fillColor=#ffffc0;strokeColor=#ff0000;" parent="1" vertex="1">
          <mxGeometry x="240" y="1290" width="120" height="40" as="geometry" />
        </mxCell>
        <mxCell id="7XWUYFImewgTT5-aFslz-32" value="" style="edgeStyle=orthogonalEdgeStyle;html=1;verticalAlign=bottom;endArrow=open;endSize=8;strokeColor=#ff0000;rounded=0;" parent="1" source="7XWUYFImewgTT5-aFslz-31" edge="1">
          <mxGeometry relative="1" as="geometry">
            <mxPoint x="300" y="1390" as="targetPoint" />
          </mxGeometry>
        </mxCell>
        <mxCell id="7XWUYFImewgTT5-aFslz-33" value="Confirmation" style="rhombus;whiteSpace=wrap;html=1;fillColor=#ffffc0;strokeColor=#ff0000;" parent="1" vertex="1">
          <mxGeometry x="260" y="1390" width="80" height="40" as="geometry" />
        </mxCell>
        <mxCell id="7XWUYFImewgTT5-aFslz-34" value="no" style="edgeStyle=orthogonalEdgeStyle;html=1;align=left;verticalAlign=bottom;endArrow=open;endSize=8;strokeColor=#ff0000;rounded=0;entryX=1;entryY=0.5;entryDx=0;entryDy=0;" parent="1" source="7XWUYFImewgTT5-aFslz-33" target="7XWUYFImewgTT5-aFslz-14" edge="1">
          <mxGeometry x="-1" relative="1" as="geometry">
            <mxPoint x="580" y="700" as="targetPoint" />
            <Array as="points">
              <mxPoint x="600" y="1410" />
              <mxPoint x="600" y="700" />
            </Array>
          </mxGeometry>
        </mxCell>
        <mxCell id="7XWUYFImewgTT5-aFslz-35" value="yes" style="edgeStyle=orthogonalEdgeStyle;html=1;align=left;verticalAlign=top;endArrow=open;endSize=8;strokeColor=#ff0000;rounded=0;" parent="1" source="7XWUYFImewgTT5-aFslz-33" edge="1">
          <mxGeometry x="-1" relative="1" as="geometry">
            <mxPoint x="300" y="1490" as="targetPoint" />
          </mxGeometry>
        </mxCell>
        <mxCell id="7XWUYFImewgTT5-aFslz-36" value="" style="shape=line;html=1;strokeWidth=6;strokeColor=#ff0000;" parent="1" vertex="1">
          <mxGeometry x="200" y="1490" width="200" height="10" as="geometry" />
        </mxCell>
        <mxCell id="7XWUYFImewgTT5-aFslz-37" value="" style="edgeStyle=orthogonalEdgeStyle;html=1;verticalAlign=bottom;endArrow=open;endSize=8;strokeColor=#ff0000;rounded=0;" parent="1" source="7XWUYFImewgTT5-aFslz-36" edge="1">
          <mxGeometry relative="1" as="geometry">
            <mxPoint x="300" y="1570" as="targetPoint" />
          </mxGeometry>
        </mxCell>
        <mxCell id="7XWUYFImewgTT5-aFslz-38" value="Log out" style="rounded=1;whiteSpace=wrap;html=1;arcSize=40;fontColor=#000000;fillColor=#ffffc0;strokeColor=#ff0000;" parent="1" vertex="1">
          <mxGeometry x="240" y="1570" width="120" height="40" as="geometry" />
        </mxCell>
        <mxCell id="7XWUYFImewgTT5-aFslz-39" value="" style="edgeStyle=orthogonalEdgeStyle;html=1;verticalAlign=bottom;endArrow=open;endSize=8;strokeColor=#ff0000;rounded=0;" parent="1" source="7XWUYFImewgTT5-aFslz-38" edge="1">
          <mxGeometry relative="1" as="geometry">
            <mxPoint x="300" y="1670" as="targetPoint" />
          </mxGeometry>
        </mxCell>
        <mxCell id="7XWUYFImewgTT5-aFslz-40" value="" style="ellipse;html=1;shape=endState;fillColor=#000000;strokeColor=#ff0000;" parent="1" vertex="1">
          <mxGeometry x="285" y="1670" width="30" height="30" as="geometry" />
        </mxCell>
      </root>
    </mxGraphModel>
  </diagram>
</mxfile>
