<mxfile host="app.diagrams.net" modified="2023-01-26T20:48:53.965Z" agent="5.0 (Windows NT 10.0; Win64; x64) AppleWebKit/537.36 (KHTML, like Gecko) Chrome/108.0.0.0 Safari/537.36 OPR/94.0.0.0" etag="MgsrkG5QNLNP5kSxitbi" version="20.8.12" type="github">
  <diagram name="Page-1" id="l55mCCT05Uvn-oSRx2EU">
    <mxGraphModel dx="1187" dy="684" grid="1" gridSize="10" guides="1" tooltips="1" connect="1" arrows="1" fold="1" page="1" pageScale="1" pageWidth="850" pageHeight="1100" math="0" shadow="0">
      <root>
        <mxCell id="0" />
        <mxCell id="1" parent="0" />
        <mxCell id="8iibv_IBHsx7rINtjVve-1" value="" style="shape=umlLifeline;participant=umlActor;perimeter=lifelinePerimeter;whiteSpace=wrap;html=1;container=1;collapsible=0;recursiveResize=0;verticalAlign=top;spacingTop=36;outlineConnect=0;" vertex="1" parent="1">
          <mxGeometry x="130" y="110" width="20" height="330" as="geometry" />
        </mxCell>
        <mxCell id="8iibv_IBHsx7rINtjVve-2" value="login()" style="html=1;verticalAlign=bottom;endArrow=block;rounded=0;entryX=-0.15;entryY=0.115;entryDx=0;entryDy=0;entryPerimeter=0;" edge="1" parent="8iibv_IBHsx7rINtjVve-1" target="8iibv_IBHsx7rINtjVve-6">
          <mxGeometry width="80" relative="1" as="geometry">
            <mxPoint x="10" y="90" as="sourcePoint" />
            <mxPoint x="90" y="90" as="targetPoint" />
          </mxGeometry>
        </mxCell>
        <mxCell id="8iibv_IBHsx7rINtjVve-3" value="" style="html=1;points=[];perimeter=orthogonalPerimeter;" vertex="1" parent="8iibv_IBHsx7rINtjVve-1">
          <mxGeometry x="5" y="80" width="10" height="230" as="geometry" />
        </mxCell>
        <mxCell id="8iibv_IBHsx7rINtjVve-4" value=":Login" style="shape=umlLifeline;perimeter=lifelinePerimeter;whiteSpace=wrap;html=1;container=1;collapsible=0;recursiveResize=0;outlineConnect=0;" vertex="1" parent="1">
          <mxGeometry x="230" y="110" width="100" height="330" as="geometry" />
        </mxCell>
        <mxCell id="8iibv_IBHsx7rINtjVve-5" value="userManagForm()" style="html=1;verticalAlign=bottom;endArrow=block;rounded=0;entryX=0.05;entryY=0.146;entryDx=0;entryDy=0;entryPerimeter=0;" edge="1" parent="8iibv_IBHsx7rINtjVve-4" target="8iibv_IBHsx7rINtjVve-11">
          <mxGeometry width="80" relative="1" as="geometry">
            <mxPoint x="50" y="130" as="sourcePoint" />
            <mxPoint x="130" y="130" as="targetPoint" />
          </mxGeometry>
        </mxCell>
        <mxCell id="8iibv_IBHsx7rINtjVve-6" value="" style="html=1;points=[];perimeter=orthogonalPerimeter;" vertex="1" parent="8iibv_IBHsx7rINtjVve-4">
          <mxGeometry x="45" y="80" width="10" height="80" as="geometry" />
        </mxCell>
        <mxCell id="8iibv_IBHsx7rINtjVve-7" value=":UserManagment&lt;br&gt;Form" style="shape=umlLifeline;perimeter=lifelinePerimeter;whiteSpace=wrap;html=1;container=1;collapsible=0;recursiveResize=0;outlineConnect=0;" vertex="1" parent="1">
          <mxGeometry x="400" y="110" width="100" height="330" as="geometry" />
        </mxCell>
        <mxCell id="8iibv_IBHsx7rINtjVve-8" value="userAvailability()" style="html=1;verticalAlign=bottom;endArrow=block;rounded=0;entryX=-0.147;entryY=0.177;entryDx=0;entryDy=0;entryPerimeter=0;" edge="1" parent="8iibv_IBHsx7rINtjVve-7" target="8iibv_IBHsx7rINtjVve-14">
          <mxGeometry width="80" relative="1" as="geometry">
            <mxPoint x="50" y="150" as="sourcePoint" />
            <mxPoint x="210" y="150" as="targetPoint" />
          </mxGeometry>
        </mxCell>
        <mxCell id="8iibv_IBHsx7rINtjVve-9" value="userDetails()" style="html=1;verticalAlign=bottom;endArrow=block;rounded=0;entryX=0.047;entryY=0.45;entryDx=0;entryDy=0;entryPerimeter=0;" edge="1" parent="8iibv_IBHsx7rINtjVve-7" target="8iibv_IBHsx7rINtjVve-14">
          <mxGeometry width="80" relative="1" as="geometry">
            <mxPoint x="50" y="190" as="sourcePoint" />
            <mxPoint x="200" y="190" as="targetPoint" />
          </mxGeometry>
        </mxCell>
        <mxCell id="8iibv_IBHsx7rINtjVve-10" value="editUser()" style="html=1;verticalAlign=bottom;endArrow=block;rounded=0;entryX=-0.06;entryY=0.723;entryDx=0;entryDy=0;entryPerimeter=0;" edge="1" parent="8iibv_IBHsx7rINtjVve-7" target="8iibv_IBHsx7rINtjVve-14">
          <mxGeometry width="80" relative="1" as="geometry">
            <mxPoint x="50" y="230" as="sourcePoint" />
            <mxPoint x="130" y="230" as="targetPoint" />
          </mxGeometry>
        </mxCell>
        <mxCell id="8iibv_IBHsx7rINtjVve-11" value="" style="html=1;points=[];perimeter=orthogonalPerimeter;" vertex="1" parent="8iibv_IBHsx7rINtjVve-7">
          <mxGeometry x="45" y="110" width="10" height="140" as="geometry" />
        </mxCell>
        <mxCell id="8iibv_IBHsx7rINtjVve-12" value=":UserSettings" style="shape=umlLifeline;perimeter=lifelinePerimeter;whiteSpace=wrap;html=1;container=1;collapsible=0;recursiveResize=0;outlineConnect=0;" vertex="1" parent="1">
          <mxGeometry x="570" y="110" width="100" height="330" as="geometry" />
        </mxCell>
        <mxCell id="8iibv_IBHsx7rINtjVve-13" value="deleteUser()" style="html=1;verticalAlign=bottom;endArrow=block;rounded=0;entryX=-0.074;entryY=0.349;entryDx=0;entryDy=0;entryPerimeter=0;" edge="1" parent="8iibv_IBHsx7rINtjVve-12" target="8iibv_IBHsx7rINtjVve-17">
          <mxGeometry width="80" relative="1" as="geometry">
            <mxPoint x="50" y="250" as="sourcePoint" />
            <mxPoint x="130" y="250" as="targetPoint" />
          </mxGeometry>
        </mxCell>
        <mxCell id="8iibv_IBHsx7rINtjVve-14" value="" style="html=1;points=[];perimeter=orthogonalPerimeter;" vertex="1" parent="8iibv_IBHsx7rINtjVve-12">
          <mxGeometry x="45" y="125" width="10" height="145" as="geometry" />
        </mxCell>
        <mxCell id="8iibv_IBHsx7rINtjVve-15" value=":DeleteUser" style="shape=umlLifeline;perimeter=lifelinePerimeter;whiteSpace=wrap;html=1;container=1;collapsible=0;recursiveResize=0;outlineConnect=0;" vertex="1" parent="1">
          <mxGeometry x="740" y="110" width="100" height="330" as="geometry" />
        </mxCell>
        <mxCell id="8iibv_IBHsx7rINtjVve-16" value="updateDB()" style="html=1;verticalAlign=bottom;endArrow=block;rounded=0;entryX=0.003;entryY=0.201;entryDx=0;entryDy=0;entryPerimeter=0;" edge="1" parent="8iibv_IBHsx7rINtjVve-15" target="8iibv_IBHsx7rINtjVve-19">
          <mxGeometry width="80" relative="1" as="geometry">
            <mxPoint x="50" y="270" as="sourcePoint" />
            <mxPoint x="130" y="270" as="targetPoint" />
          </mxGeometry>
        </mxCell>
        <mxCell id="8iibv_IBHsx7rINtjVve-17" value="" style="html=1;points=[];perimeter=orthogonalPerimeter;" vertex="1" parent="8iibv_IBHsx7rINtjVve-15">
          <mxGeometry x="45" y="230" width="10" height="60" as="geometry" />
        </mxCell>
        <mxCell id="8iibv_IBHsx7rINtjVve-18" value=":DB" style="shape=umlLifeline;perimeter=lifelinePerimeter;whiteSpace=wrap;html=1;container=1;collapsible=0;recursiveResize=0;outlineConnect=0;" vertex="1" parent="1">
          <mxGeometry x="910" y="110" width="100" height="330" as="geometry" />
        </mxCell>
        <mxCell id="8iibv_IBHsx7rINtjVve-19" value="" style="html=1;points=[];perimeter=orthogonalPerimeter;" vertex="1" parent="8iibv_IBHsx7rINtjVve-18">
          <mxGeometry x="45" y="260" width="10" height="50" as="geometry" />
        </mxCell>
        <mxCell id="8iibv_IBHsx7rINtjVve-20" value="Admin" style="text;html=1;align=center;verticalAlign=middle;resizable=0;points=[];autosize=1;strokeColor=none;fillColor=none;" vertex="1" parent="1">
          <mxGeometry x="110" y="80" width="60" height="30" as="geometry" />
        </mxCell>
        <mxCell id="8iibv_IBHsx7rINtjVve-21" value="adminNotif()" style="html=1;verticalAlign=bottom;endArrow=open;dashed=1;endSize=8;rounded=0;entryX=1.05;entryY=0.953;entryDx=0;entryDy=0;entryPerimeter=0;exitX=0.042;exitY=0.797;exitDx=0;exitDy=0;exitPerimeter=0;" edge="1" parent="1" source="8iibv_IBHsx7rINtjVve-19" target="8iibv_IBHsx7rINtjVve-3">
          <mxGeometry relative="1" as="geometry">
            <mxPoint x="940" y="410" as="sourcePoint" />
            <mxPoint x="150" y="410" as="targetPoint" />
          </mxGeometry>
        </mxCell>
      </root>
    </mxGraphModel>
  </diagram>
</mxfile>
