<mxfile host="app.diagrams.net" modified="2023-01-26T22:46:15.541Z" agent="5.0 (Windows NT 10.0; Win64; x64) AppleWebKit/537.36 (KHTML, like Gecko) Chrome/108.0.0.0 Safari/537.36 OPR/94.0.0.0" etag="IvttIkCMeLk1zJ-URiNP" version="20.8.12" type="github">
  <diagram name="Page-1" id="a1BKNuTbXJi4JqZ3ZVOv">
    <mxGraphModel dx="696" dy="401" grid="1" gridSize="10" guides="1" tooltips="1" connect="1" arrows="1" fold="1" page="1" pageScale="1" pageWidth="850" pageHeight="1100" math="0" shadow="0">
      <root>
        <mxCell id="0" />
        <mxCell id="1" parent="0" />
        <mxCell id="zRwNQd07puq8yJK6czKl-1" value="" style="shape=umlLifeline;participant=umlActor;perimeter=lifelinePerimeter;whiteSpace=wrap;html=1;container=1;collapsible=0;recursiveResize=0;verticalAlign=top;spacingTop=36;outlineConnect=0;" vertex="1" parent="1">
          <mxGeometry x="130" y="120" width="20" height="640" as="geometry" />
        </mxCell>
        <mxCell id="zRwNQd07puq8yJK6czKl-8" value="login()" style="html=1;verticalAlign=bottom;endArrow=block;rounded=0;entryX=-0.017;entryY=0.079;entryDx=0;entryDy=0;entryPerimeter=0;" edge="1" parent="zRwNQd07puq8yJK6czKl-1" target="zRwNQd07puq8yJK6czKl-20">
          <mxGeometry width="80" relative="1" as="geometry">
            <mxPoint x="10" y="120" as="sourcePoint" />
            <mxPoint x="90" y="120" as="targetPoint" />
          </mxGeometry>
        </mxCell>
        <mxCell id="zRwNQd07puq8yJK6czKl-2" value=":Login" style="shape=umlLifeline;perimeter=lifelinePerimeter;whiteSpace=wrap;html=1;container=1;collapsible=0;recursiveResize=0;outlineConnect=0;" vertex="1" parent="1">
          <mxGeometry x="240" y="120" width="100" height="640" as="geometry" />
        </mxCell>
        <mxCell id="zRwNQd07puq8yJK6czKl-9" value="homePage()" style="html=1;verticalAlign=bottom;endArrow=block;rounded=0;entryX=-0.132;entryY=0.062;entryDx=0;entryDy=0;entryPerimeter=0;" edge="1" parent="zRwNQd07puq8yJK6czKl-2" target="zRwNQd07puq8yJK6czKl-21">
          <mxGeometry width="80" relative="1" as="geometry">
            <mxPoint x="50" y="150" as="sourcePoint" />
            <mxPoint x="130" y="150" as="targetPoint" />
          </mxGeometry>
        </mxCell>
        <mxCell id="zRwNQd07puq8yJK6czKl-20" value="" style="html=1;points=[];perimeter=orthogonalPerimeter;" vertex="1" parent="zRwNQd07puq8yJK6czKl-2">
          <mxGeometry x="45" y="100" width="10" height="260" as="geometry" />
        </mxCell>
        <mxCell id="zRwNQd07puq8yJK6czKl-3" value=":HomePage" style="shape=umlLifeline;perimeter=lifelinePerimeter;whiteSpace=wrap;html=1;container=1;collapsible=0;recursiveResize=0;outlineConnect=0;" vertex="1" parent="1">
          <mxGeometry x="430" y="120" width="100" height="640" as="geometry" />
        </mxCell>
        <mxCell id="zRwNQd07puq8yJK6czKl-21" value="" style="html=1;points=[];perimeter=orthogonalPerimeter;" vertex="1" parent="zRwNQd07puq8yJK6czKl-3">
          <mxGeometry x="45" y="130" width="10" height="320" as="geometry" />
        </mxCell>
        <mxCell id="zRwNQd07puq8yJK6czKl-4" value=":ChangePass&lt;br&gt;Page" style="shape=umlLifeline;perimeter=lifelinePerimeter;whiteSpace=wrap;html=1;container=1;collapsible=0;recursiveResize=0;outlineConnect=0;" vertex="1" parent="1">
          <mxGeometry x="620" y="120" width="100" height="640" as="geometry" />
        </mxCell>
        <mxCell id="zRwNQd07puq8yJK6czKl-5" value=":Validation" style="shape=umlLifeline;perimeter=lifelinePerimeter;whiteSpace=wrap;html=1;container=1;collapsible=0;recursiveResize=0;outlineConnect=0;" vertex="1" parent="1">
          <mxGeometry x="810" y="120" width="100" height="640" as="geometry" />
        </mxCell>
        <mxCell id="zRwNQd07puq8yJK6czKl-6" value=":DB" style="shape=umlLifeline;perimeter=lifelinePerimeter;whiteSpace=wrap;html=1;container=1;collapsible=0;recursiveResize=0;outlineConnect=0;" vertex="1" parent="1">
          <mxGeometry x="1000" y="120" width="100" height="640" as="geometry" />
        </mxCell>
        <mxCell id="zRwNQd07puq8yJK6czKl-7" value=":User" style="text;html=1;align=center;verticalAlign=middle;resizable=0;points=[];autosize=1;strokeColor=none;fillColor=none;" vertex="1" parent="1">
          <mxGeometry x="115" y="85" width="50" height="30" as="geometry" />
        </mxCell>
        <mxCell id="zRwNQd07puq8yJK6czKl-10" value="Validation" style="shape=umlFrame;tabWidth=110;tabHeight=30;tabPosition=left;html=1;boundedLbl=1;labelInHeader=1;width=140;height=30;" vertex="1" parent="1">
          <mxGeometry x="190" y="300" width="930" height="420" as="geometry" />
        </mxCell>
        <mxCell id="zRwNQd07puq8yJK6czKl-11" value="[Validated]" style="text" vertex="1" parent="zRwNQd07puq8yJK6czKl-10">
          <mxGeometry width="100" height="20" relative="1" as="geometry">
            <mxPoint x="20" y="40" as="offset" />
          </mxGeometry>
        </mxCell>
        <mxCell id="zRwNQd07puq8yJK6czKl-12" value="[Not Validated]" style="line;strokeWidth=1;dashed=1;labelPosition=center;verticalLabelPosition=bottom;align=left;verticalAlign=top;spacingLeft=20;spacingTop=15;" vertex="1" parent="zRwNQd07puq8yJK6czKl-10">
          <mxGeometry y="210" width="929.9999999999999" height="16.8" as="geometry" />
        </mxCell>
        <mxCell id="zRwNQd07puq8yJK6czKl-13" value="changePass()" style="html=1;verticalAlign=bottom;endArrow=block;rounded=0;" edge="1" parent="zRwNQd07puq8yJK6czKl-10">
          <mxGeometry width="80" relative="1" as="geometry">
            <mxPoint x="295" y="30" as="sourcePoint" />
            <mxPoint x="475" y="30" as="targetPoint" />
          </mxGeometry>
        </mxCell>
        <mxCell id="zRwNQd07puq8yJK6czKl-14" value="saveChanges()" style="html=1;verticalAlign=bottom;endArrow=block;rounded=0;entryX=-0.084;entryY=0.091;entryDx=0;entryDy=0;entryPerimeter=0;" edge="1" parent="zRwNQd07puq8yJK6czKl-10" target="zRwNQd07puq8yJK6czKl-23">
          <mxGeometry width="80" relative="1" as="geometry">
            <mxPoint x="480" y="50" as="sourcePoint" />
            <mxPoint x="560" y="50" as="targetPoint" />
          </mxGeometry>
        </mxCell>
        <mxCell id="zRwNQd07puq8yJK6czKl-15" value="save()" style="html=1;verticalAlign=bottom;endArrow=block;rounded=0;entryX=-0.09;entryY=0.197;entryDx=0;entryDy=0;entryPerimeter=0;" edge="1" parent="zRwNQd07puq8yJK6czKl-10" target="zRwNQd07puq8yJK6czKl-24">
          <mxGeometry width="80" relative="1" as="geometry">
            <mxPoint x="670" y="80" as="sourcePoint" />
            <mxPoint x="750" y="80" as="targetPoint" />
          </mxGeometry>
        </mxCell>
        <mxCell id="zRwNQd07puq8yJK6czKl-16" value="confirmed()" style="html=1;verticalAlign=bottom;endArrow=open;dashed=1;endSize=8;rounded=0;entryX=0.118;entryY=0.333;entryDx=0;entryDy=0;entryPerimeter=0;" edge="1" parent="zRwNQd07puq8yJK6czKl-10" target="zRwNQd07puq8yJK6czKl-10">
          <mxGeometry x="-0.1311" relative="1" as="geometry">
            <mxPoint x="860" y="140" as="sourcePoint" />
            <mxPoint x="110" y="140" as="targetPoint" />
            <mxPoint as="offset" />
          </mxGeometry>
        </mxCell>
        <mxCell id="zRwNQd07puq8yJK6czKl-18" value="saveChanges()" style="html=1;verticalAlign=bottom;endArrow=block;rounded=0;entryX=-0.084;entryY=0.788;entryDx=0;entryDy=0;entryPerimeter=0;" edge="1" parent="zRwNQd07puq8yJK6czKl-10" target="zRwNQd07puq8yJK6czKl-23">
          <mxGeometry width="80" relative="1" as="geometry">
            <mxPoint x="480" y="280" as="sourcePoint" />
            <mxPoint x="560" y="280" as="targetPoint" />
          </mxGeometry>
        </mxCell>
        <mxCell id="zRwNQd07puq8yJK6czKl-19" value="notValid()" style="html=1;verticalAlign=bottom;endArrow=open;dashed=1;endSize=8;rounded=0;entryX=0.932;entryY=0.94;entryDx=0;entryDy=0;entryPerimeter=0;" edge="1" parent="zRwNQd07puq8yJK6czKl-10" target="zRwNQd07puq8yJK6czKl-22">
          <mxGeometry relative="1" as="geometry">
            <mxPoint x="670" y="320" as="sourcePoint" />
            <mxPoint x="590" y="320" as="targetPoint" />
          </mxGeometry>
        </mxCell>
        <mxCell id="zRwNQd07puq8yJK6czKl-22" value="" style="html=1;points=[];perimeter=orthogonalPerimeter;" vertex="1" parent="zRwNQd07puq8yJK6czKl-10">
          <mxGeometry x="475" y="10" width="10" height="330" as="geometry" />
        </mxCell>
        <mxCell id="zRwNQd07puq8yJK6czKl-17" value="changePass()" style="html=1;verticalAlign=bottom;endArrow=block;rounded=0;" edge="1" parent="zRwNQd07puq8yJK6czKl-10">
          <mxGeometry width="80" relative="1" as="geometry">
            <mxPoint x="295" y="250" as="sourcePoint" />
            <mxPoint x="475" y="250" as="targetPoint" />
            <Array as="points">
              <mxPoint x="375" y="250" />
            </Array>
          </mxGeometry>
        </mxCell>
        <mxCell id="zRwNQd07puq8yJK6czKl-23" value="" style="html=1;points=[];perimeter=orthogonalPerimeter;" vertex="1" parent="zRwNQd07puq8yJK6czKl-10">
          <mxGeometry x="665" y="20" width="10" height="330" as="geometry" />
        </mxCell>
        <mxCell id="zRwNQd07puq8yJK6czKl-24" value="" style="html=1;points=[];perimeter=orthogonalPerimeter;" vertex="1" parent="zRwNQd07puq8yJK6czKl-10">
          <mxGeometry x="855" y="60" width="10" height="100" as="geometry" />
        </mxCell>
      </root>
    </mxGraphModel>
  </diagram>
</mxfile>
