<mxfile host="app.diagrams.net" modified="2023-01-26T23:45:36.950Z" agent="5.0 (Windows NT 10.0; Win64; x64) AppleWebKit/537.36 (KHTML, like Gecko) Chrome/108.0.0.0 Safari/537.36 OPR/94.0.0.0" etag="6NGMSbZzeCc6jOOUimgA" version="20.8.12" type="github">
  <diagram name="Page-1" id="E1L_ozoJQKe0paerJVBw">
    <mxGraphModel dx="841" dy="484" grid="1" gridSize="10" guides="1" tooltips="1" connect="1" arrows="1" fold="1" page="1" pageScale="1" pageWidth="850" pageHeight="1100" math="0" shadow="0">
      <root>
        <mxCell id="0" />
        <mxCell id="1" parent="0" />
        <mxCell id="7WTaFxu8zMNZ_Szs9ixC-1" value="" style="shape=umlLifeline;participant=umlActor;perimeter=lifelinePerimeter;whiteSpace=wrap;html=1;container=1;collapsible=0;recursiveResize=0;verticalAlign=top;spacingTop=36;outlineConnect=0;" vertex="1" parent="1">
          <mxGeometry x="170" y="120" width="20" height="360" as="geometry" />
        </mxCell>
        <mxCell id="7WTaFxu8zMNZ_Szs9ixC-11" value="" style="html=1;points=[];perimeter=orthogonalPerimeter;" vertex="1" parent="7WTaFxu8zMNZ_Szs9ixC-1">
          <mxGeometry x="5.000000000000114" y="60" width="10" height="80" as="geometry" />
        </mxCell>
        <mxCell id="7WTaFxu8zMNZ_Szs9ixC-2" value=":LoginPage" style="shape=umlLifeline;perimeter=lifelinePerimeter;whiteSpace=wrap;html=1;container=1;collapsible=0;recursiveResize=0;outlineConnect=0;" vertex="1" parent="1">
          <mxGeometry x="250" y="120" width="100" height="360" as="geometry" />
        </mxCell>
        <mxCell id="7WTaFxu8zMNZ_Szs9ixC-6" value="homePage()" style="html=1;verticalAlign=bottom;endArrow=block;rounded=0;entryX=-0.148;entryY=0.252;entryDx=0;entryDy=0;entryPerimeter=0;" edge="1" parent="7WTaFxu8zMNZ_Szs9ixC-2" target="7WTaFxu8zMNZ_Szs9ixC-12">
          <mxGeometry width="80" relative="1" as="geometry">
            <mxPoint x="50" y="130" as="sourcePoint" />
            <mxPoint x="130" y="130" as="targetPoint" />
          </mxGeometry>
        </mxCell>
        <mxCell id="7WTaFxu8zMNZ_Szs9ixC-10" value="" style="html=1;points=[];perimeter=orthogonalPerimeter;" vertex="1" parent="7WTaFxu8zMNZ_Szs9ixC-2">
          <mxGeometry x="45" y="80" width="10" height="200" as="geometry" />
        </mxCell>
        <mxCell id="7WTaFxu8zMNZ_Szs9ixC-3" value=":HomePage" style="shape=umlLifeline;perimeter=lifelinePerimeter;whiteSpace=wrap;html=1;container=1;collapsible=0;recursiveResize=0;outlineConnect=0;" vertex="1" parent="1">
          <mxGeometry x="410" y="120" width="100" height="360" as="geometry" />
        </mxCell>
        <mxCell id="7WTaFxu8zMNZ_Szs9ixC-7" value="logout()" style="html=1;verticalAlign=bottom;endArrow=block;rounded=0;entryX=-0.12;entryY=0.145;entryDx=0;entryDy=0;entryPerimeter=0;" edge="1" parent="7WTaFxu8zMNZ_Szs9ixC-3" target="7WTaFxu8zMNZ_Szs9ixC-13">
          <mxGeometry width="80" relative="1" as="geometry">
            <mxPoint x="50" y="160" as="sourcePoint" />
            <mxPoint x="130" y="160" as="targetPoint" />
          </mxGeometry>
        </mxCell>
        <mxCell id="7WTaFxu8zMNZ_Szs9ixC-12" value="" style="html=1;points=[];perimeter=orthogonalPerimeter;" vertex="1" parent="7WTaFxu8zMNZ_Szs9ixC-3">
          <mxGeometry x="45" y="110" width="10" height="80" as="geometry" />
        </mxCell>
        <mxCell id="7WTaFxu8zMNZ_Szs9ixC-4" value=":LogoutPage" style="shape=umlLifeline;perimeter=lifelinePerimeter;whiteSpace=wrap;html=1;container=1;collapsible=0;recursiveResize=0;outlineConnect=0;" vertex="1" parent="1">
          <mxGeometry x="570" y="120" width="100" height="360" as="geometry" />
        </mxCell>
        <mxCell id="7WTaFxu8zMNZ_Szs9ixC-8" value="clearSession()" style="html=1;verticalAlign=bottom;endArrow=block;rounded=0;entryX=1.107;entryY=0.642;entryDx=0;entryDy=0;entryPerimeter=0;" edge="1" parent="7WTaFxu8zMNZ_Szs9ixC-4" target="7WTaFxu8zMNZ_Szs9ixC-13">
          <mxGeometry x="0.0589" y="20" width="80" relative="1" as="geometry">
            <mxPoint x="50" y="180" as="sourcePoint" />
            <mxPoint x="110" y="240" as="targetPoint" />
            <Array as="points">
              <mxPoint x="110" y="180" />
              <mxPoint x="110" y="230" />
              <mxPoint x="90" y="230" />
            </Array>
            <mxPoint as="offset" />
          </mxGeometry>
        </mxCell>
        <mxCell id="7WTaFxu8zMNZ_Szs9ixC-13" value="" style="html=1;points=[];perimeter=orthogonalPerimeter;" vertex="1" parent="7WTaFxu8zMNZ_Szs9ixC-4">
          <mxGeometry x="45" y="140" width="10" height="140" as="geometry" />
        </mxCell>
        <mxCell id="7WTaFxu8zMNZ_Szs9ixC-5" value="login()" style="html=1;verticalAlign=bottom;endArrow=block;rounded=0;entryX=0.12;entryY=0.103;entryDx=0;entryDy=0;entryPerimeter=0;" edge="1" parent="1" source="7WTaFxu8zMNZ_Szs9ixC-11" target="7WTaFxu8zMNZ_Szs9ixC-10">
          <mxGeometry width="80" relative="1" as="geometry">
            <mxPoint x="180" y="220" as="sourcePoint" />
            <mxPoint x="290" y="220" as="targetPoint" />
          </mxGeometry>
        </mxCell>
        <mxCell id="7WTaFxu8zMNZ_Szs9ixC-9" value="logoutSuccessful()" style="html=1;verticalAlign=bottom;endArrow=open;dashed=1;endSize=8;rounded=0;entryX=1;entryY=0.9;entryDx=0;entryDy=0;entryPerimeter=0;exitX=0.04;exitY=0.854;exitDx=0;exitDy=0;exitPerimeter=0;" edge="1" parent="1" source="7WTaFxu8zMNZ_Szs9ixC-13" target="7WTaFxu8zMNZ_Szs9ixC-10">
          <mxGeometry x="0.4353" relative="1" as="geometry">
            <mxPoint x="600" y="380" as="sourcePoint" />
            <mxPoint x="310" y="380" as="targetPoint" />
            <mxPoint as="offset" />
          </mxGeometry>
        </mxCell>
        <mxCell id="7WTaFxu8zMNZ_Szs9ixC-14" value=":User" style="text;html=1;align=center;verticalAlign=middle;resizable=0;points=[];autosize=1;strokeColor=none;fillColor=none;" vertex="1" parent="1">
          <mxGeometry x="155" y="90" width="50" height="30" as="geometry" />
        </mxCell>
      </root>
    </mxGraphModel>
  </diagram>
</mxfile>
