<mxfile host="app.diagrams.net" modified="2023-01-31T19:33:11.631Z" agent="5.0 (Windows NT 10.0; Win64; x64) AppleWebKit/537.36 (KHTML, like Gecko) Chrome/108.0.0.0 Safari/537.36 OPR/94.0.0.0" etag="XYYRjx8hXfinQgYDH14x" version="20.8.13" type="github">
  <diagram name="Page-1" id="Ut6mO_adDN6sTbb1M4XV">
    <mxGraphModel dx="841" dy="484" grid="1" gridSize="10" guides="1" tooltips="1" connect="1" arrows="1" fold="1" page="1" pageScale="1" pageWidth="850" pageHeight="1100" math="0" shadow="0">
      <root>
        <mxCell id="0" />
        <mxCell id="1" parent="0" />
        <mxCell id="7ChKUbScGfxZkJB33Rmv-1" value="" style="shape=umlLifeline;participant=umlActor;perimeter=lifelinePerimeter;whiteSpace=wrap;html=1;container=1;collapsible=0;recursiveResize=0;verticalAlign=top;spacingTop=36;outlineConnect=0;" vertex="1" parent="1">
          <mxGeometry x="210" y="80" width="20" height="600" as="geometry" />
        </mxCell>
        <mxCell id="7ChKUbScGfxZkJB33Rmv-2" value="mainPage()" style="html=1;verticalAlign=bottom;endArrow=block;rounded=0;" edge="1" parent="7ChKUbScGfxZkJB33Rmv-1" target="7ChKUbScGfxZkJB33Rmv-5">
          <mxGeometry width="80" relative="1" as="geometry">
            <mxPoint x="10" y="120" as="sourcePoint" />
            <mxPoint x="90" y="120" as="targetPoint" />
          </mxGeometry>
        </mxCell>
        <mxCell id="7ChKUbScGfxZkJB33Rmv-4" value="" style="html=1;points=[];perimeter=orthogonalPerimeter;" vertex="1" parent="7ChKUbScGfxZkJB33Rmv-1">
          <mxGeometry x="5" y="110" width="10" height="370" as="geometry" />
        </mxCell>
        <mxCell id="7ChKUbScGfxZkJB33Rmv-5" value=":MainPage" style="shape=umlLifeline;perimeter=lifelinePerimeter;whiteSpace=wrap;html=1;container=1;collapsible=0;recursiveResize=0;outlineConnect=0;" vertex="1" parent="1">
          <mxGeometry x="360" y="80" width="100" height="600" as="geometry" />
        </mxCell>
        <mxCell id="7ChKUbScGfxZkJB33Rmv-6" value="viewInvPage()" style="html=1;verticalAlign=bottom;endArrow=block;rounded=0;" edge="1" parent="7ChKUbScGfxZkJB33Rmv-5" target="7ChKUbScGfxZkJB33Rmv-9">
          <mxGeometry width="80" relative="1" as="geometry">
            <mxPoint x="50" y="150" as="sourcePoint" />
            <mxPoint x="130" y="150" as="targetPoint" />
          </mxGeometry>
        </mxCell>
        <mxCell id="7ChKUbScGfxZkJB33Rmv-7" value="" style="html=1;points=[];perimeter=orthogonalPerimeter;" vertex="1" parent="7ChKUbScGfxZkJB33Rmv-5">
          <mxGeometry x="45" y="100" width="10" height="80" as="geometry" />
        </mxCell>
        <mxCell id="7ChKUbScGfxZkJB33Rmv-8" value=":Admin" style="text;html=1;align=center;verticalAlign=middle;resizable=0;points=[];autosize=1;strokeColor=none;fillColor=none;" vertex="1" parent="1">
          <mxGeometry x="190" y="50" width="60" height="30" as="geometry" />
        </mxCell>
        <mxCell id="7ChKUbScGfxZkJB33Rmv-9" value=":InventoryPage" style="shape=umlLifeline;perimeter=lifelinePerimeter;whiteSpace=wrap;html=1;container=1;collapsible=0;recursiveResize=0;outlineConnect=0;" vertex="1" parent="1">
          <mxGeometry x="560" y="80" width="100" height="600" as="geometry" />
        </mxCell>
        <mxCell id="7ChKUbScGfxZkJB33Rmv-10" value="retrieveData()" style="html=1;verticalAlign=bottom;endArrow=block;rounded=0;" edge="1" parent="7ChKUbScGfxZkJB33Rmv-9" target="7ChKUbScGfxZkJB33Rmv-12">
          <mxGeometry width="80" relative="1" as="geometry">
            <mxPoint x="50" y="170" as="sourcePoint" />
            <mxPoint x="130" y="170" as="targetPoint" />
          </mxGeometry>
        </mxCell>
        <mxCell id="7ChKUbScGfxZkJB33Rmv-11" value="" style="html=1;points=[];perimeter=orthogonalPerimeter;" vertex="1" parent="7ChKUbScGfxZkJB33Rmv-9">
          <mxGeometry x="45" y="140" width="10" height="360" as="geometry" />
        </mxCell>
        <mxCell id="7ChKUbScGfxZkJB33Rmv-12" value=":System" style="shape=umlLifeline;perimeter=lifelinePerimeter;whiteSpace=wrap;html=1;container=1;collapsible=0;recursiveResize=0;outlineConnect=0;" vertex="1" parent="1">
          <mxGeometry x="760" y="80" width="100" height="600" as="geometry" />
        </mxCell>
        <mxCell id="7ChKUbScGfxZkJB33Rmv-13" value="" style="html=1;points=[];perimeter=orthogonalPerimeter;" vertex="1" parent="7ChKUbScGfxZkJB33Rmv-12">
          <mxGeometry x="45" y="160" width="10" height="230" as="geometry" />
        </mxCell>
        <mxCell id="7ChKUbScGfxZkJB33Rmv-14" value="updateView()" style="html=1;verticalAlign=bottom;endArrow=open;dashed=1;endSize=8;rounded=0;" edge="1" parent="1" target="7ChKUbScGfxZkJB33Rmv-9">
          <mxGeometry relative="1" as="geometry">
            <mxPoint x="810" y="290.0000000000002" as="sourcePoint" />
            <mxPoint x="740" y="290" as="targetPoint" />
          </mxGeometry>
        </mxCell>
        <mxCell id="7ChKUbScGfxZkJB33Rmv-15" value="" style="html=1;verticalAlign=bottom;endArrow=open;dashed=1;endSize=8;rounded=0;" edge="1" parent="1" target="7ChKUbScGfxZkJB33Rmv-1">
          <mxGeometry relative="1" as="geometry">
            <mxPoint x="610" y="320.0000000000002" as="sourcePoint" />
            <mxPoint x="530" y="320" as="targetPoint" />
          </mxGeometry>
        </mxCell>
        <mxCell id="7ChKUbScGfxZkJB33Rmv-16" value="Confirmation" style="shape=umlFrame;tabWidth=110;tabHeight=30;tabPosition=left;html=1;boundedLbl=1;labelInHeader=1;width=140;height=30;" vertex="1" parent="1">
          <mxGeometry x="150" y="340" width="760" height="250" as="geometry" />
        </mxCell>
        <mxCell id="7ChKUbScGfxZkJB33Rmv-17" value="[Confirm]" style="text" vertex="1" parent="7ChKUbScGfxZkJB33Rmv-16">
          <mxGeometry width="100" height="20" relative="1" as="geometry">
            <mxPoint x="20" y="40" as="offset" />
          </mxGeometry>
        </mxCell>
        <mxCell id="7ChKUbScGfxZkJB33Rmv-18" value="[Do Not Confirm]" style="line;strokeWidth=1;dashed=1;labelPosition=center;verticalLabelPosition=bottom;align=left;verticalAlign=top;spacingLeft=20;spacingTop=15;" vertex="1" parent="7ChKUbScGfxZkJB33Rmv-16">
          <mxGeometry y="130" width="759.9999999999999" height="10" as="geometry" />
        </mxCell>
        <mxCell id="7ChKUbScGfxZkJB33Rmv-19" value="update()" style="html=1;verticalAlign=bottom;endArrow=block;rounded=0;entryX=0.87;entryY=0.28;entryDx=0;entryDy=0;entryPerimeter=0;" edge="1" parent="7ChKUbScGfxZkJB33Rmv-16" target="7ChKUbScGfxZkJB33Rmv-16">
          <mxGeometry width="80" relative="1" as="geometry">
            <mxPoint x="463.8961038961039" y="70" as="sourcePoint" />
            <mxPoint x="542.8571428571429" y="70" as="targetPoint" />
          </mxGeometry>
        </mxCell>
        <mxCell id="7ChKUbScGfxZkJB33Rmv-20" value="updateView()" style="html=1;verticalAlign=bottom;endArrow=open;dashed=1;endSize=8;rounded=0;entryX=0.61;entryY=0.4;entryDx=0;entryDy=0;entryPerimeter=0;" edge="1" parent="7ChKUbScGfxZkJB33Rmv-16" target="7ChKUbScGfxZkJB33Rmv-16">
          <mxGeometry relative="1" as="geometry">
            <mxPoint x="661.2987012987013" y="100" as="sourcePoint" />
            <mxPoint x="582.3376623376623" y="100" as="targetPoint" />
          </mxGeometry>
        </mxCell>
        <mxCell id="7ChKUbScGfxZkJB33Rmv-21" value="" style="html=1;verticalAlign=bottom;endArrow=block;rounded=0;" edge="1" parent="7ChKUbScGfxZkJB33Rmv-16">
          <mxGeometry width="80" relative="1" as="geometry">
            <mxPoint x="661.2987012987013" y="80" as="sourcePoint" />
            <mxPoint x="661.2987012987013" y="90" as="targetPoint" />
            <Array as="points">
              <mxPoint x="690.9090909090909" y="80" />
              <mxPoint x="690.9090909090909" y="90" />
              <mxPoint x="661.2987012987013" y="90" />
            </Array>
          </mxGeometry>
        </mxCell>
        <mxCell id="7ChKUbScGfxZkJB33Rmv-22" value="addItem()" style="html=1;verticalAlign=bottom;endArrow=block;rounded=0;" edge="1" parent="7ChKUbScGfxZkJB33Rmv-16">
          <mxGeometry width="80" relative="1" as="geometry">
            <mxPoint x="78.96103896103897" y="190" as="sourcePoint" />
            <mxPoint x="460" y="190" as="targetPoint" />
          </mxGeometry>
        </mxCell>
        <mxCell id="7ChKUbScGfxZkJB33Rmv-23" value="notConfirmed()" style="html=1;verticalAlign=bottom;endArrow=block;rounded=0;entryX=0.61;entryY=0.88;entryDx=0;entryDy=0;entryPerimeter=0;" edge="1" parent="7ChKUbScGfxZkJB33Rmv-16" target="7ChKUbScGfxZkJB33Rmv-16">
          <mxGeometry x="0.2453" y="-40" width="80" relative="1" as="geometry">
            <mxPoint x="463.8961038961039" y="200" as="sourcePoint" />
            <mxPoint x="542.8571428571429" y="200" as="targetPoint" />
            <Array as="points">
              <mxPoint x="493.5064935064935" y="200" />
              <mxPoint x="493.5064935064935" y="220" />
            </Array>
            <mxPoint x="40" y="40" as="offset" />
          </mxGeometry>
        </mxCell>
        <mxCell id="7ChKUbScGfxZkJB33Rmv-3" value="addItem()" style="html=1;verticalAlign=bottom;endArrow=block;rounded=0;" edge="1" parent="1">
          <mxGeometry width="80" relative="1" as="geometry">
            <mxPoint x="230" y="380" as="sourcePoint" />
            <mxPoint x="610" y="380" as="targetPoint" />
          </mxGeometry>
        </mxCell>
      </root>
    </mxGraphModel>
  </diagram>
</mxfile>
