<mxfile host="app.diagrams.net" modified="2023-01-26T19:43:49.045Z" agent="5.0 (Windows NT 10.0; Win64; x64) AppleWebKit/537.36 (KHTML, like Gecko) Chrome/108.0.0.0 Safari/537.36 OPR/94.0.0.0" etag="AwbP30m9YBDeRTSiFoeL" version="20.8.12" type="github">
  <diagram name="Page-1" id="YlSwa_GWOfIk86JvAVJ7">
    <mxGraphModel dx="1009" dy="581" grid="1" gridSize="10" guides="1" tooltips="1" connect="1" arrows="1" fold="1" page="1" pageScale="1" pageWidth="850" pageHeight="1100" math="0" shadow="0">
      <root>
        <mxCell id="0" />
        <mxCell id="1" parent="0" />
        <mxCell id="xPcZEEqAy8Emhctgmxup-2" value="" style="shape=umlLifeline;participant=umlActor;perimeter=lifelinePerimeter;whiteSpace=wrap;html=1;container=1;collapsible=0;recursiveResize=0;verticalAlign=top;spacingTop=36;outlineConnect=0;" parent="1" vertex="1">
          <mxGeometry x="145" y="100" width="20" height="480" as="geometry" />
        </mxCell>
        <mxCell id="xPcZEEqAy8Emhctgmxup-3" value=":User" style="text;html=1;align=center;verticalAlign=middle;resizable=0;points=[];autosize=1;strokeColor=none;fillColor=none;" parent="1" vertex="1">
          <mxGeometry x="130" y="70" width="50" height="30" as="geometry" />
        </mxCell>
        <mxCell id="xPcZEEqAy8Emhctgmxup-6" value=":Login" style="shape=umlLifeline;perimeter=lifelinePerimeter;whiteSpace=wrap;html=1;container=1;collapsible=0;recursiveResize=0;outlineConnect=0;" parent="1" vertex="1">
          <mxGeometry x="280" y="100" width="100" height="480" as="geometry" />
        </mxCell>
        <mxCell id="xPcZEEqAy8Emhctgmxup-32" value="" style="html=1;points=[];perimeter=orthogonalPerimeter;" parent="xPcZEEqAy8Emhctgmxup-6" vertex="1">
          <mxGeometry x="45" y="80" width="10" height="340" as="geometry" />
        </mxCell>
        <mxCell id="xPcZEEqAy8Emhctgmxup-7" value="login()" style="html=1;verticalAlign=bottom;endArrow=block;rounded=0;entryX=-0.076;entryY=0.06;entryDx=0;entryDy=0;entryPerimeter=0;" parent="1" source="xPcZEEqAy8Emhctgmxup-2" target="xPcZEEqAy8Emhctgmxup-32" edge="1">
          <mxGeometry width="80" relative="1" as="geometry">
            <mxPoint x="160" y="210" as="sourcePoint" />
            <mxPoint x="320" y="200" as="targetPoint" />
            <Array as="points">
              <mxPoint x="260" y="200" />
            </Array>
          </mxGeometry>
        </mxCell>
        <mxCell id="xPcZEEqAy8Emhctgmxup-8" value=":UserValidation" style="shape=umlLifeline;perimeter=lifelinePerimeter;whiteSpace=wrap;html=1;container=1;collapsible=0;recursiveResize=0;outlineConnect=0;" parent="1" vertex="1">
          <mxGeometry x="470" y="100" width="100" height="480" as="geometry" />
        </mxCell>
        <mxCell id="xPcZEEqAy8Emhctgmxup-9" value=":User" style="shape=umlLifeline;perimeter=lifelinePerimeter;whiteSpace=wrap;html=1;container=1;collapsible=0;recursiveResize=0;outlineConnect=0;" parent="1" vertex="1">
          <mxGeometry x="690" y="100" width="100" height="480" as="geometry" />
        </mxCell>
        <mxCell id="xPcZEEqAy8Emhctgmxup-10" value=":Homepage" style="shape=umlLifeline;perimeter=lifelinePerimeter;whiteSpace=wrap;html=1;container=1;collapsible=0;recursiveResize=0;outlineConnect=0;" parent="1" vertex="1">
          <mxGeometry x="900" y="100" width="100" height="480" as="geometry" />
        </mxCell>
        <mxCell id="xPcZEEqAy8Emhctgmxup-16" value="Validation" style="shape=umlFrame;whiteSpace=wrap;html=1;" parent="1" vertex="1">
          <mxGeometry x="80" y="260" width="930" height="280" as="geometry" />
        </mxCell>
        <mxCell id="xPcZEEqAy8Emhctgmxup-20" value="" style="endArrow=none;dashed=1;html=1;rounded=0;exitX=-0.001;exitY=0.495;exitDx=0;exitDy=0;exitPerimeter=0;entryX=1.002;entryY=0.495;entryDx=0;entryDy=0;entryPerimeter=0;" parent="1" source="xPcZEEqAy8Emhctgmxup-16" target="xPcZEEqAy8Emhctgmxup-16" edge="1">
          <mxGeometry width="50" height="50" relative="1" as="geometry">
            <mxPoint x="460" y="460" as="sourcePoint" />
            <mxPoint x="510" y="410" as="targetPoint" />
          </mxGeometry>
        </mxCell>
        <mxCell id="xPcZEEqAy8Emhctgmxup-21" value="[Condition]" style="text;html=1;align=center;verticalAlign=middle;resizable=0;points=[];autosize=1;strokeColor=none;fillColor=none;" parent="1" vertex="1">
          <mxGeometry x="80" y="290" width="80" height="30" as="geometry" />
        </mxCell>
        <mxCell id="xPcZEEqAy8Emhctgmxup-22" value="[Else]" style="text;html=1;align=center;verticalAlign=middle;resizable=0;points=[];autosize=1;strokeColor=none;fillColor=none;" parent="1" vertex="1">
          <mxGeometry x="80" y="400" width="50" height="30" as="geometry" />
        </mxCell>
        <mxCell id="xPcZEEqAy8Emhctgmxup-24" value="validCredentials()" style="html=1;verticalAlign=bottom;endArrow=block;rounded=0;entryX=-0.057;entryY=0.087;entryDx=0;entryDy=0;entryPerimeter=0;" parent="1" target="xPcZEEqAy8Emhctgmxup-34" edge="1">
          <mxGeometry width="80" relative="1" as="geometry">
            <mxPoint x="520" y="290" as="sourcePoint" />
            <mxPoint x="600" y="290" as="targetPoint" />
          </mxGeometry>
        </mxCell>
        <mxCell id="xPcZEEqAy8Emhctgmxup-25" value="showHomepage()" style="html=1;verticalAlign=bottom;endArrow=block;rounded=0;entryX=-0.141;entryY=0.375;entryDx=0;entryDy=0;entryPerimeter=0;" parent="1" target="xPcZEEqAy8Emhctgmxup-35" edge="1">
          <mxGeometry width="80" relative="1" as="geometry">
            <mxPoint x="740" y="310" as="sourcePoint" />
            <mxPoint x="820" y="310" as="targetPoint" />
          </mxGeometry>
        </mxCell>
        <mxCell id="xPcZEEqAy8Emhctgmxup-26" value="retHomepage()" style="html=1;verticalAlign=bottom;endArrow=open;dashed=1;endSize=8;rounded=0;entryX=1.086;entryY=0.26;entryDx=0;entryDy=0;entryPerimeter=0;" parent="1" target="xPcZEEqAy8Emhctgmxup-34" edge="1">
          <mxGeometry relative="1" as="geometry">
            <mxPoint x="950" y="330" as="sourcePoint" />
            <mxPoint x="870" y="330" as="targetPoint" />
          </mxGeometry>
        </mxCell>
        <mxCell id="xPcZEEqAy8Emhctgmxup-27" value="retHomepage()" style="html=1;verticalAlign=bottom;endArrow=open;dashed=1;endSize=8;rounded=0;entryX=1.097;entryY=0.423;entryDx=0;entryDy=0;entryPerimeter=0;" parent="1" target="xPcZEEqAy8Emhctgmxup-33" edge="1">
          <mxGeometry relative="1" as="geometry">
            <mxPoint x="740" y="350" as="sourcePoint" />
            <mxPoint x="660" y="350" as="targetPoint" />
          </mxGeometry>
        </mxCell>
        <mxCell id="xPcZEEqAy8Emhctgmxup-28" value="showHomepage()" style="html=1;verticalAlign=bottom;endArrow=open;dashed=1;endSize=8;rounded=0;entryX=0.075;entryY=0.429;entryDx=0;entryDy=0;entryPerimeter=0;" parent="1" target="xPcZEEqAy8Emhctgmxup-16" edge="1">
          <mxGeometry x="-0.2978" relative="1" as="geometry">
            <mxPoint x="520" y="380" as="sourcePoint" />
            <mxPoint x="440" y="380" as="targetPoint" />
            <mxPoint as="offset" />
          </mxGeometry>
        </mxCell>
        <mxCell id="xPcZEEqAy8Emhctgmxup-29" value="invalidCredentials()" style="html=1;verticalAlign=bottom;endArrow=block;rounded=0;entryX=-0.149;entryY=0.741;entryDx=0;entryDy=0;entryPerimeter=0;" parent="1" target="xPcZEEqAy8Emhctgmxup-34" edge="1">
          <mxGeometry width="80" relative="1" as="geometry">
            <mxPoint x="520" y="440" as="sourcePoint" />
            <mxPoint x="600" y="440" as="targetPoint" />
          </mxGeometry>
        </mxCell>
        <mxCell id="xPcZEEqAy8Emhctgmxup-30" value="retLoginForm()" style="html=1;verticalAlign=bottom;endArrow=open;dashed=1;endSize=8;rounded=0;" parent="1" edge="1">
          <mxGeometry x="-0.2192" relative="1" as="geometry">
            <mxPoint x="740" y="480" as="sourcePoint" />
            <mxPoint x="340" y="480" as="targetPoint" />
            <mxPoint as="offset" />
          </mxGeometry>
        </mxCell>
        <mxCell id="xPcZEEqAy8Emhctgmxup-31" value="login()" style="html=1;verticalAlign=bottom;endArrow=open;dashed=1;endSize=8;rounded=0;entryX=0.086;entryY=0.857;entryDx=0;entryDy=0;entryPerimeter=0;" parent="1" target="xPcZEEqAy8Emhctgmxup-16" edge="1">
          <mxGeometry relative="1" as="geometry">
            <mxPoint x="320" y="500" as="sourcePoint" />
            <mxPoint x="250" y="500" as="targetPoint" />
          </mxGeometry>
        </mxCell>
        <mxCell id="xPcZEEqAy8Emhctgmxup-12" value="validation()" style="html=1;verticalAlign=bottom;endArrow=block;rounded=0;entryX=0;entryY=0.421;entryDx=0;entryDy=0;entryPerimeter=0;" parent="1" source="xPcZEEqAy8Emhctgmxup-32" target="xPcZEEqAy8Emhctgmxup-33" edge="1">
          <mxGeometry width="80" relative="1" as="geometry">
            <mxPoint x="330" y="220" as="sourcePoint" />
            <mxPoint x="410" y="220" as="targetPoint" />
          </mxGeometry>
        </mxCell>
        <mxCell id="xPcZEEqAy8Emhctgmxup-33" value="" style="html=1;points=[];perimeter=orthogonalPerimeter;" parent="1" vertex="1">
          <mxGeometry x="515" y="270" width="10" height="190" as="geometry" />
        </mxCell>
        <mxCell id="xPcZEEqAy8Emhctgmxup-34" value="" style="html=1;points=[];perimeter=orthogonalPerimeter;" parent="1" vertex="1">
          <mxGeometry x="735" y="270" width="10" height="230" as="geometry" />
        </mxCell>
        <mxCell id="xPcZEEqAy8Emhctgmxup-35" value="" style="html=1;points=[];perimeter=orthogonalPerimeter;" parent="1" vertex="1">
          <mxGeometry x="945" y="280" width="10" height="80" as="geometry" />
        </mxCell>
      </root>
    </mxGraphModel>
  </diagram>
</mxfile>
