<mxfile host="app.diagrams.net" modified="2023-01-31T23:59:53.441Z" agent="5.0 (Windows NT 10.0; Win64; x64) AppleWebKit/537.36 (KHTML, like Gecko) Chrome/108.0.0.0 Safari/537.36 OPR/94.0.0.0" etag="gOjqU0GmDWNUc5fVc4Qh" version="20.8.13" type="github">
  <diagram name="Page-1" id="itpg79mwvSJEfXO8F2K6">
    <mxGraphModel dx="1009" dy="581" grid="1" gridSize="10" guides="1" tooltips="1" connect="1" arrows="1" fold="1" page="1" pageScale="1" pageWidth="850" pageHeight="1100" math="0" shadow="0">
      <root>
        <mxCell id="0" />
        <mxCell id="1" parent="0" />
        <mxCell id="WSX4Jxc2Kyrqu2bVnSa_-9" value="User" style="shape=folder;fontStyle=1;tabWidth=80;tabHeight=20;tabPosition=left;html=1;boundedLbl=1;fontSize=18;" parent="1" vertex="1">
          <mxGeometry x="210" y="290" width="150" height="80" as="geometry" />
        </mxCell>
        <mxCell id="WSX4Jxc2Kyrqu2bVnSa_-13" value="User Layer" style="shape=folder;fontStyle=1;tabWidth=110;tabHeight=30;tabPosition=left;html=1;boundedLbl=1;labelInHeader=1;container=1;collapsible=0;fontSize=18;" parent="1" vertex="1">
          <mxGeometry x="510" y="210" width="270" height="210" as="geometry" />
        </mxCell>
        <mxCell id="WSX4Jxc2Kyrqu2bVnSa_-14" value="" style="html=1;strokeColor=none;resizeWidth=1;resizeHeight=1;fillColor=none;part=1;connectable=0;allowArrows=0;deletable=0;fontSize=18;" parent="WSX4Jxc2Kyrqu2bVnSa_-13" vertex="1">
          <mxGeometry width="270" height="147" relative="1" as="geometry">
            <mxPoint y="30" as="offset" />
          </mxGeometry>
        </mxCell>
        <mxCell id="WSX4Jxc2Kyrqu2bVnSa_-15" value="&lt;font style=&quot;font-size: 14px;&quot;&gt;User&amp;nbsp;&lt;br&gt;Interface&lt;/font&gt;" style="shape=folder;fontStyle=1;tabWidth=60;tabHeight=20;tabPosition=left;html=1;boundedLbl=1;fontSize=18;" parent="WSX4Jxc2Kyrqu2bVnSa_-13" vertex="1">
          <mxGeometry x="10" y="44.21" width="110" height="65.79" as="geometry" />
        </mxCell>
        <mxCell id="WSX4Jxc2Kyrqu2bVnSa_-16" value="&lt;font style=&quot;font-size: 14px;&quot;&gt;User Logic&lt;br&gt;Implementation&lt;/font&gt;" style="shape=folder;fontStyle=1;tabWidth=60;tabHeight=20;tabPosition=left;html=1;boundedLbl=1;fontSize=18;" parent="WSX4Jxc2Kyrqu2bVnSa_-13" vertex="1">
          <mxGeometry x="140" y="44.21" width="110" height="65.79" as="geometry" />
        </mxCell>
        <mxCell id="WSX4Jxc2Kyrqu2bVnSa_-17" value="&lt;font style=&quot;font-size: 14px;&quot;&gt;Configuration&lt;/font&gt;" style="shape=folder;fontStyle=1;tabWidth=60;tabHeight=20;tabPosition=left;html=1;boundedLbl=1;fontSize=18;" parent="WSX4Jxc2Kyrqu2bVnSa_-13" vertex="1">
          <mxGeometry x="10" y="120.00157894736844" width="110" height="77.36842105263159" as="geometry" />
        </mxCell>
        <mxCell id="WSX4Jxc2Kyrqu2bVnSa_-18" value="&lt;font style=&quot;font-size: 14px;&quot;&gt;User&lt;br&gt;Experience&lt;/font&gt;" style="shape=folder;fontStyle=1;tabWidth=60;tabHeight=20;tabPosition=left;html=1;boundedLbl=1;fontSize=18;" parent="WSX4Jxc2Kyrqu2bVnSa_-13" vertex="1">
          <mxGeometry x="140" y="120.00157894736844" width="110" height="77.36842105263159" as="geometry" />
        </mxCell>
        <mxCell id="WSX4Jxc2Kyrqu2bVnSa_-46" value="" style="html=1;labelBackgroundColor=#ffffff;startArrow=none;startFill=0;startSize=6;endArrow=classic;endFill=1;endSize=6;jettySize=auto;orthogonalLoop=1;strokeWidth=1;dashed=1;fontSize=14;rounded=0;" parent="WSX4Jxc2Kyrqu2bVnSa_-13" edge="1">
          <mxGeometry width="60" height="60" relative="1" as="geometry">
            <mxPoint x="140" y="210" as="sourcePoint" />
            <mxPoint x="140" y="330" as="targetPoint" />
          </mxGeometry>
        </mxCell>
        <mxCell id="WSX4Jxc2Kyrqu2bVnSa_-21" value="" style="html=1;labelBackgroundColor=#ffffff;startArrow=none;startFill=0;startSize=6;endArrow=classic;endFill=1;endSize=6;jettySize=auto;orthogonalLoop=1;strokeWidth=1;dashed=1;fontSize=14;rounded=0;entryX=0;entryY=0;entryDx=0;entryDy=120;entryPerimeter=0;" parent="1" target="WSX4Jxc2Kyrqu2bVnSa_-13" edge="1">
          <mxGeometry width="60" height="60" relative="1" as="geometry">
            <mxPoint x="360" y="330" as="sourcePoint" />
            <mxPoint x="460" y="240" as="targetPoint" />
          </mxGeometry>
        </mxCell>
        <mxCell id="WSX4Jxc2Kyrqu2bVnSa_-22" value="&lt;font style=&quot;font-size: 18px;&quot;&gt;Services&lt;br&gt;Layer&lt;/font&gt;" style="shape=folder;fontStyle=1;tabWidth=110;tabHeight=40;tabPosition=left;html=1;boundedLbl=1;labelInHeader=1;container=1;collapsible=0;fontSize=18;" parent="1" vertex="1">
          <mxGeometry x="150" y="500" width="270" height="210" as="geometry" />
        </mxCell>
        <mxCell id="WSX4Jxc2Kyrqu2bVnSa_-23" value="" style="html=1;strokeColor=none;resizeWidth=1;resizeHeight=1;fillColor=none;part=1;connectable=0;allowArrows=0;deletable=0;fontSize=18;" parent="WSX4Jxc2Kyrqu2bVnSa_-22" vertex="1">
          <mxGeometry width="270" height="147" relative="1" as="geometry">
            <mxPoint y="30" as="offset" />
          </mxGeometry>
        </mxCell>
        <mxCell id="WSX4Jxc2Kyrqu2bVnSa_-24" value="&lt;font style=&quot;font-size: 14px;&quot;&gt;User&amp;nbsp;&lt;br&gt;Interface&lt;/font&gt;" style="shape=folder;fontStyle=1;tabWidth=60;tabHeight=20;tabPosition=left;html=1;boundedLbl=1;fontSize=18;" parent="WSX4Jxc2Kyrqu2bVnSa_-22" vertex="1">
          <mxGeometry x="10" y="44.21" width="110" height="75.79" as="geometry" />
        </mxCell>
        <mxCell id="WSX4Jxc2Kyrqu2bVnSa_-27" value="&lt;font style=&quot;font-size: 14px;&quot;&gt;User&lt;br&gt;Experience&lt;/font&gt;" style="shape=folder;fontStyle=1;tabWidth=60;tabHeight=20;tabPosition=left;html=1;boundedLbl=1;fontSize=18;" parent="WSX4Jxc2Kyrqu2bVnSa_-22" vertex="1">
          <mxGeometry x="140" y="120.00157894736844" width="110" height="77.36842105263159" as="geometry" />
        </mxCell>
        <mxCell id="WSX4Jxc2Kyrqu2bVnSa_-28" value="IT Layer" style="shape=folder;fontStyle=1;tabWidth=110;tabHeight=30;tabPosition=left;html=1;boundedLbl=1;labelInHeader=1;container=1;collapsible=0;fontSize=18;" parent="1" vertex="1">
          <mxGeometry x="870" y="510" width="270" height="210" as="geometry" />
        </mxCell>
        <mxCell id="WSX4Jxc2Kyrqu2bVnSa_-29" value="" style="html=1;strokeColor=none;resizeWidth=1;resizeHeight=1;fillColor=none;part=1;connectable=0;allowArrows=0;deletable=0;fontSize=18;" parent="WSX4Jxc2Kyrqu2bVnSa_-28" vertex="1">
          <mxGeometry width="270" height="147" relative="1" as="geometry">
            <mxPoint y="30" as="offset" />
          </mxGeometry>
        </mxCell>
        <mxCell id="WSX4Jxc2Kyrqu2bVnSa_-30" value="&lt;font style=&quot;font-size: 14px;&quot;&gt;User&amp;nbsp;&lt;br&gt;Interface&lt;/font&gt;" style="shape=folder;fontStyle=1;tabWidth=60;tabHeight=20;tabPosition=left;html=1;boundedLbl=1;fontSize=18;" parent="WSX4Jxc2Kyrqu2bVnSa_-28" vertex="1">
          <mxGeometry x="10" y="44.21" width="110" height="75.79" as="geometry" />
        </mxCell>
        <mxCell id="WSX4Jxc2Kyrqu2bVnSa_-31" value="&lt;font style=&quot;font-size: 14px;&quot;&gt;User&lt;br&gt;Experience&lt;/font&gt;" style="shape=folder;fontStyle=1;tabWidth=60;tabHeight=20;tabPosition=left;html=1;boundedLbl=1;fontSize=18;" parent="WSX4Jxc2Kyrqu2bVnSa_-28" vertex="1">
          <mxGeometry x="140" y="120.00157894736844" width="110" height="77.36842105263159" as="geometry" />
        </mxCell>
        <mxCell id="WSX4Jxc2Kyrqu2bVnSa_-32" value="&lt;span style=&quot;font-size: 14px;&quot;&gt;Cross-Cutting&lt;/span&gt;" style="shape=folder;fontStyle=1;tabWidth=110;tabHeight=40;tabPosition=left;html=1;boundedLbl=1;labelInHeader=1;container=1;collapsible=0;fontSize=18;" parent="1" vertex="1">
          <mxGeometry x="500" y="500" width="270" height="410" as="geometry" />
        </mxCell>
        <mxCell id="WSX4Jxc2Kyrqu2bVnSa_-33" value="" style="html=1;strokeColor=none;resizeWidth=1;resizeHeight=1;fillColor=none;part=1;connectable=0;allowArrows=0;deletable=0;fontSize=18;" parent="WSX4Jxc2Kyrqu2bVnSa_-32" vertex="1">
          <mxGeometry width="270" height="287" relative="1" as="geometry">
            <mxPoint y="30" as="offset" />
          </mxGeometry>
        </mxCell>
        <mxCell id="WSX4Jxc2Kyrqu2bVnSa_-34" value="&lt;span style=&quot;font-size: 14px;&quot;&gt;Security&lt;/span&gt;" style="shape=folder;fontStyle=1;tabWidth=60;tabHeight=20;tabPosition=left;html=1;boundedLbl=1;fontSize=18;" parent="WSX4Jxc2Kyrqu2bVnSa_-32" vertex="1">
          <mxGeometry x="10" y="60" width="110" height="93.69" as="geometry" />
        </mxCell>
        <mxCell id="WSX4Jxc2Kyrqu2bVnSa_-36" value="&lt;span style=&quot;font-size: 14px;&quot;&gt;Communication&lt;/span&gt;" style="shape=folder;fontStyle=1;tabWidth=60;tabHeight=20;tabPosition=left;html=1;boundedLbl=1;fontSize=18;" parent="WSX4Jxc2Kyrqu2bVnSa_-32" vertex="1">
          <mxGeometry x="140" y="60" width="110" height="93.69" as="geometry" />
        </mxCell>
        <mxCell id="WSX4Jxc2Kyrqu2bVnSa_-37" value="&lt;span style=&quot;font-size: 14px;&quot;&gt;Validation&lt;/span&gt;" style="shape=folder;fontStyle=1;tabWidth=60;tabHeight=20;tabPosition=left;html=1;boundedLbl=1;fontSize=18;" parent="WSX4Jxc2Kyrqu2bVnSa_-32" vertex="1">
          <mxGeometry x="10" y="170" width="110" height="93.69" as="geometry" />
        </mxCell>
        <mxCell id="WSX4Jxc2Kyrqu2bVnSa_-38" value="&lt;span style=&quot;font-size: 14px;&quot;&gt;Error&lt;br&gt;Handling&lt;br&gt;&lt;/span&gt;" style="shape=folder;fontStyle=1;tabWidth=60;tabHeight=20;tabPosition=left;html=1;boundedLbl=1;fontSize=18;" parent="WSX4Jxc2Kyrqu2bVnSa_-32" vertex="1">
          <mxGeometry x="140" y="170" width="110" height="93.69" as="geometry" />
        </mxCell>
        <mxCell id="WSX4Jxc2Kyrqu2bVnSa_-39" value="&lt;span style=&quot;font-size: 14px;&quot;&gt;Auditing&lt;/span&gt;" style="shape=folder;fontStyle=1;tabWidth=60;tabHeight=20;tabPosition=left;html=1;boundedLbl=1;fontSize=18;" parent="WSX4Jxc2Kyrqu2bVnSa_-32" vertex="1">
          <mxGeometry x="10" y="280" width="110" height="93.69" as="geometry" />
        </mxCell>
        <mxCell id="WSX4Jxc2Kyrqu2bVnSa_-47" value="&lt;span style=&quot;font-size: 14px;&quot;&gt;Caching&lt;/span&gt;" style="shape=folder;fontStyle=1;tabWidth=60;tabHeight=20;tabPosition=left;html=1;boundedLbl=1;fontSize=18;" parent="WSX4Jxc2Kyrqu2bVnSa_-32" vertex="1">
          <mxGeometry x="140" y="280" width="110" height="93.69" as="geometry" />
        </mxCell>
        <mxCell id="WSX4Jxc2Kyrqu2bVnSa_-40" value="External&lt;br&gt;Systems" style="shape=folder;fontStyle=1;tabWidth=80;tabHeight=20;tabPosition=left;html=1;boundedLbl=1;fontSize=18;" parent="1" vertex="1">
          <mxGeometry x="950" y="290" width="150" height="80" as="geometry" />
        </mxCell>
        <mxCell id="WSX4Jxc2Kyrqu2bVnSa_-42" value="" style="html=1;labelBackgroundColor=#ffffff;startArrow=none;startFill=0;startSize=6;endArrow=classic;endFill=1;endSize=6;jettySize=auto;orthogonalLoop=1;strokeWidth=1;dashed=1;fontSize=14;rounded=0;" parent="1" edge="1">
          <mxGeometry width="60" height="60" relative="1" as="geometry">
            <mxPoint x="1030" y="370" as="sourcePoint" />
            <mxPoint x="1030" y="540" as="targetPoint" />
          </mxGeometry>
        </mxCell>
        <mxCell id="WSX4Jxc2Kyrqu2bVnSa_-43" value="" style="html=1;labelBackgroundColor=#ffffff;startArrow=none;startFill=0;startSize=6;endArrow=classic;endFill=1;endSize=6;jettySize=auto;orthogonalLoop=1;strokeWidth=1;dashed=1;fontSize=14;rounded=0;entryX=0.629;entryY=0.165;entryDx=0;entryDy=0;entryPerimeter=0;" parent="1" target="WSX4Jxc2Kyrqu2bVnSa_-22" edge="1">
          <mxGeometry width="60" height="60" relative="1" as="geometry">
            <mxPoint x="990" y="370" as="sourcePoint" />
            <mxPoint x="320" y="490" as="targetPoint" />
            <Array as="points">
              <mxPoint x="990" y="470" />
              <mxPoint x="880" y="470" />
              <mxPoint x="320" y="470" />
            </Array>
          </mxGeometry>
        </mxCell>
        <mxCell id="WSX4Jxc2Kyrqu2bVnSa_-45" value="" style="html=1;labelBackgroundColor=#ffffff;startArrow=none;startFill=0;startSize=6;endArrow=classic;endFill=1;endSize=6;jettySize=auto;orthogonalLoop=1;strokeWidth=1;dashed=1;fontSize=14;rounded=0;entryX=1.005;entryY=0.619;entryDx=0;entryDy=0;entryPerimeter=0;" parent="1" target="WSX4Jxc2Kyrqu2bVnSa_-13" edge="1">
          <mxGeometry width="60" height="60" relative="1" as="geometry">
            <mxPoint x="950" y="340" as="sourcePoint" />
            <mxPoint x="1010" y="280" as="targetPoint" />
          </mxGeometry>
        </mxCell>
        <mxCell id="WSX4Jxc2Kyrqu2bVnSa_-48" value="Data&lt;br&gt;Layer" style="shape=folder;fontStyle=1;tabWidth=110;tabHeight=40;tabPosition=left;html=1;boundedLbl=1;labelInHeader=1;container=1;collapsible=0;fontSize=18;" parent="1" vertex="1">
          <mxGeometry x="155" y="840" width="270" height="230" as="geometry" />
        </mxCell>
        <mxCell id="WSX4Jxc2Kyrqu2bVnSa_-49" value="" style="html=1;strokeColor=none;resizeWidth=1;resizeHeight=1;fillColor=none;part=1;connectable=0;allowArrows=0;deletable=0;fontSize=18;" parent="WSX4Jxc2Kyrqu2bVnSa_-48" vertex="1">
          <mxGeometry width="270" height="161.00000000000003" relative="1" as="geometry">
            <mxPoint y="30" as="offset" />
          </mxGeometry>
        </mxCell>
        <mxCell id="WSX4Jxc2Kyrqu2bVnSa_-50" value="&lt;span style=&quot;font-size: 14px;&quot;&gt;Data&lt;br&gt;Access&lt;br&gt;&lt;/span&gt;" style="shape=folder;fontStyle=1;tabWidth=60;tabHeight=20;tabPosition=left;html=1;boundedLbl=1;fontSize=18;" parent="WSX4Jxc2Kyrqu2bVnSa_-48" vertex="1">
          <mxGeometry x="10" y="48.42" width="110" height="71.58" as="geometry" />
        </mxCell>
        <mxCell id="WSX4Jxc2Kyrqu2bVnSa_-51" value="&lt;span style=&quot;font-size: 14px;&quot;&gt;Data Logic&amp;nbsp;&lt;br&gt;Screen&lt;br&gt;&lt;/span&gt;" style="shape=folder;fontStyle=1;tabWidth=60;tabHeight=20;tabPosition=left;html=1;boundedLbl=1;fontSize=18;" parent="WSX4Jxc2Kyrqu2bVnSa_-48" vertex="1">
          <mxGeometry x="10" y="130" width="110" height="80" as="geometry" />
        </mxCell>
        <mxCell id="WSX4Jxc2Kyrqu2bVnSa_-52" value="&lt;span style=&quot;font-size: 14px;&quot;&gt;Network&lt;br&gt;&lt;/span&gt;" style="shape=folder;fontStyle=1;tabWidth=60;tabHeight=20;tabPosition=left;html=1;boundedLbl=1;fontSize=18;" parent="WSX4Jxc2Kyrqu2bVnSa_-48" vertex="1">
          <mxGeometry x="145" y="46.69" width="115" height="73.31" as="geometry" />
        </mxCell>
        <mxCell id="WSX4Jxc2Kyrqu2bVnSa_-53" value="&lt;span style=&quot;font-size: 14px;&quot;&gt;Persistence&lt;br&gt;&lt;/span&gt;" style="shape=folder;fontStyle=1;tabWidth=60;tabHeight=20;tabPosition=left;html=1;boundedLbl=1;fontSize=18;" parent="WSX4Jxc2Kyrqu2bVnSa_-48" vertex="1">
          <mxGeometry x="145" y="130" width="110" height="80" as="geometry" />
        </mxCell>
        <mxCell id="WSX4Jxc2Kyrqu2bVnSa_-55" value="" style="html=1;labelBackgroundColor=#ffffff;startArrow=none;startFill=0;startSize=6;endArrow=classic;endFill=1;endSize=6;jettySize=auto;orthogonalLoop=1;strokeWidth=1;dashed=1;fontSize=14;rounded=0;entryX=0.799;entryY=0.222;entryDx=0;entryDy=0;entryPerimeter=0;" parent="WSX4Jxc2Kyrqu2bVnSa_-48" target="WSX4Jxc2Kyrqu2bVnSa_-54" edge="1">
          <mxGeometry width="60" height="60" relative="1" as="geometry">
            <mxPoint x="135" y="230" as="sourcePoint" />
            <mxPoint x="275" y="280" as="targetPoint" />
            <Array as="points">
              <mxPoint x="135" y="280" />
            </Array>
          </mxGeometry>
        </mxCell>
        <mxCell id="WSX4Jxc2Kyrqu2bVnSa_-54" value="Database" style="shape=folder;fontStyle=1;tabWidth=80;tabHeight=20;tabPosition=left;html=1;boundedLbl=1;fontSize=18;" parent="1" vertex="1">
          <mxGeometry x="170" y="1180" width="150" height="80" as="geometry" />
        </mxCell>
        <mxCell id="WSX4Jxc2Kyrqu2bVnSa_-56" value="" style="html=1;labelBackgroundColor=#ffffff;startArrow=none;startFill=0;startSize=6;endArrow=classic;endFill=1;endSize=6;jettySize=auto;orthogonalLoop=1;strokeWidth=1;dashed=1;fontSize=14;rounded=0;entryX=0.5;entryY=1;entryDx=0;entryDy=0;entryPerimeter=0;" parent="1" target="WSX4Jxc2Kyrqu2bVnSa_-32" edge="1">
          <mxGeometry width="60" height="60" relative="1" as="geometry">
            <mxPoint x="430" y="980" as="sourcePoint" />
            <mxPoint x="640" y="980" as="targetPoint" />
            <Array as="points">
              <mxPoint x="635" y="980" />
            </Array>
          </mxGeometry>
        </mxCell>
      </root>
    </mxGraphModel>
  </diagram>
</mxfile>
