<mxfile host="app.diagrams.net" modified="2023-01-26T23:14:52.394Z" agent="5.0 (Windows NT 10.0; Win64; x64) AppleWebKit/537.36 (KHTML, like Gecko) Chrome/107.0.0.0 Safari/537.36 OPR/93.0.0.0" etag="BcAA1OVAfJ9wVvefEfHv" version="20.8.12" type="github">
  <diagram name="Page-1" id="UDaRnphLNZkIOso-Vgyt">
    <mxGraphModel dx="1009" dy="542" grid="1" gridSize="10" guides="1" tooltips="1" connect="1" arrows="1" fold="1" page="1" pageScale="1" pageWidth="850" pageHeight="1100" math="0" shadow="0">
      <root>
        <mxCell id="0" />
        <mxCell id="1" parent="0" />
        <mxCell id="UDtpr3dGHMk2-S_eDcWk-6" style="edgeStyle=orthogonalEdgeStyle;rounded=0;orthogonalLoop=1;jettySize=auto;html=1;exitX=1;exitY=0.25;exitDx=0;exitDy=0;entryX=0;entryY=0.25;entryDx=0;entryDy=0;" parent="1" source="UDtpr3dGHMk2-S_eDcWk-1" target="UDtpr3dGHMk2-S_eDcWk-2" edge="1">
          <mxGeometry relative="1" as="geometry" />
        </mxCell>
        <mxCell id="UDtpr3dGHMk2-S_eDcWk-1" value=":User" style="whiteSpace=wrap;html=1;aspect=fixed;" parent="1" vertex="1">
          <mxGeometry x="50" y="200" width="80" height="80" as="geometry" />
        </mxCell>
        <mxCell id="UDtpr3dGHMk2-S_eDcWk-8" style="edgeStyle=orthogonalEdgeStyle;rounded=0;orthogonalLoop=1;jettySize=auto;html=1;exitX=1;exitY=0.25;exitDx=0;exitDy=0;entryX=0;entryY=0.25;entryDx=0;entryDy=0;" parent="1" source="UDtpr3dGHMk2-S_eDcWk-2" target="UDtpr3dGHMk2-S_eDcWk-3" edge="1">
          <mxGeometry relative="1" as="geometry" />
        </mxCell>
        <mxCell id="UDtpr3dGHMk2-S_eDcWk-10" style="edgeStyle=orthogonalEdgeStyle;rounded=0;orthogonalLoop=1;jettySize=auto;html=1;exitX=0.75;exitY=1;exitDx=0;exitDy=0;entryX=0;entryY=0.25;entryDx=0;entryDy=0;" parent="1" source="UDtpr3dGHMk2-S_eDcWk-2" target="UDtpr3dGHMk2-S_eDcWk-5" edge="1">
          <mxGeometry relative="1" as="geometry" />
        </mxCell>
        <mxCell id="UDtpr3dGHMk2-S_eDcWk-20" style="edgeStyle=orthogonalEdgeStyle;rounded=0;orthogonalLoop=1;jettySize=auto;html=1;exitX=0;exitY=0.75;exitDx=0;exitDy=0;entryX=1;entryY=0.75;entryDx=0;entryDy=0;dashed=1;dashPattern=8 8;" parent="1" source="UDtpr3dGHMk2-S_eDcWk-2" target="UDtpr3dGHMk2-S_eDcWk-1" edge="1">
          <mxGeometry relative="1" as="geometry" />
        </mxCell>
        <mxCell id="UDtpr3dGHMk2-S_eDcWk-32" style="edgeStyle=orthogonalEdgeStyle;rounded=0;orthogonalLoop=1;jettySize=auto;html=1;exitX=0;exitY=1;exitDx=0;exitDy=0;entryX=1;entryY=1;entryDx=0;entryDy=0;dashed=1;dashPattern=8 8;" parent="1" source="UDtpr3dGHMk2-S_eDcWk-2" target="UDtpr3dGHMk2-S_eDcWk-1" edge="1">
          <mxGeometry relative="1" as="geometry" />
        </mxCell>
        <mxCell id="UDtpr3dGHMk2-S_eDcWk-2" value=":Login" style="whiteSpace=wrap;html=1;aspect=fixed;" parent="1" vertex="1">
          <mxGeometry x="345" y="200" width="80" height="80" as="geometry" />
        </mxCell>
        <mxCell id="UDtpr3dGHMk2-S_eDcWk-9" style="edgeStyle=orthogonalEdgeStyle;rounded=0;orthogonalLoop=1;jettySize=auto;html=1;exitX=1;exitY=0.25;exitDx=0;exitDy=0;entryX=0;entryY=0.25;entryDx=0;entryDy=0;" parent="1" source="UDtpr3dGHMk2-S_eDcWk-3" target="UDtpr3dGHMk2-S_eDcWk-4" edge="1">
          <mxGeometry relative="1" as="geometry" />
        </mxCell>
        <mxCell id="UDtpr3dGHMk2-S_eDcWk-17" style="edgeStyle=orthogonalEdgeStyle;rounded=0;orthogonalLoop=1;jettySize=auto;html=1;exitX=0;exitY=0.75;exitDx=0;exitDy=0;entryX=1;entryY=0.75;entryDx=0;entryDy=0;dashed=1;dashPattern=8 8;" parent="1" source="UDtpr3dGHMk2-S_eDcWk-3" target="UDtpr3dGHMk2-S_eDcWk-2" edge="1">
          <mxGeometry relative="1" as="geometry" />
        </mxCell>
        <mxCell id="UDtpr3dGHMk2-S_eDcWk-18" style="edgeStyle=orthogonalEdgeStyle;rounded=0;orthogonalLoop=1;jettySize=auto;html=1;exitX=0.75;exitY=1;exitDx=0;exitDy=0;entryX=0.75;entryY=0;entryDx=0;entryDy=0;dashed=1;dashPattern=8 8;" parent="1" source="UDtpr3dGHMk2-S_eDcWk-3" target="UDtpr3dGHMk2-S_eDcWk-5" edge="1">
          <mxGeometry relative="1" as="geometry" />
        </mxCell>
        <mxCell id="UDtpr3dGHMk2-S_eDcWk-26" style="edgeStyle=orthogonalEdgeStyle;rounded=0;orthogonalLoop=1;jettySize=auto;html=1;exitX=1;exitY=0.75;exitDx=0;exitDy=0;entryX=0;entryY=0.75;entryDx=0;entryDy=0;" parent="1" source="UDtpr3dGHMk2-S_eDcWk-3" target="UDtpr3dGHMk2-S_eDcWk-4" edge="1">
          <mxGeometry relative="1" as="geometry" />
        </mxCell>
        <mxCell id="UDtpr3dGHMk2-S_eDcWk-3" value=":Server" style="whiteSpace=wrap;html=1;aspect=fixed;" parent="1" vertex="1">
          <mxGeometry x="600" y="200" width="80" height="80" as="geometry" />
        </mxCell>
        <mxCell id="UDtpr3dGHMk2-S_eDcWk-16" style="edgeStyle=orthogonalEdgeStyle;rounded=0;orthogonalLoop=1;jettySize=auto;html=1;exitX=0;exitY=0.75;exitDx=0;exitDy=0;entryX=0.002;entryY=0.673;entryDx=0;entryDy=0;dashed=1;dashPattern=8 8;entryPerimeter=0;" parent="1" source="UDtpr3dGHMk2-S_eDcWk-4" target="UDtpr3dGHMk2-S_eDcWk-21" edge="1">
          <mxGeometry relative="1" as="geometry">
            <Array as="points">
              <mxPoint x="800" y="240" />
              <mxPoint x="680" y="240" />
            </Array>
          </mxGeometry>
        </mxCell>
        <mxCell id="UDtpr3dGHMk2-S_eDcWk-24" style="edgeStyle=orthogonalEdgeStyle;rounded=0;orthogonalLoop=1;jettySize=auto;html=1;exitX=0;exitY=1;exitDx=0;exitDy=0;dashed=1;dashPattern=8 8;entryX=1;entryY=1;entryDx=0;entryDy=0;" parent="1" source="UDtpr3dGHMk2-S_eDcWk-4" target="UDtpr3dGHMk2-S_eDcWk-3" edge="1">
          <mxGeometry relative="1" as="geometry">
            <mxPoint x="690" y="279.9729729729729" as="targetPoint" />
          </mxGeometry>
        </mxCell>
        <mxCell id="UDtpr3dGHMk2-S_eDcWk-4" value=":Database" style="whiteSpace=wrap;html=1;aspect=fixed;" parent="1" vertex="1">
          <mxGeometry x="800" y="200" width="80" height="80" as="geometry" />
        </mxCell>
        <mxCell id="UDtpr3dGHMk2-S_eDcWk-11" style="edgeStyle=orthogonalEdgeStyle;rounded=0;orthogonalLoop=1;jettySize=auto;html=1;exitX=0.5;exitY=0;exitDx=0;exitDy=0;entryX=0.5;entryY=1;entryDx=0;entryDy=0;" parent="1" source="UDtpr3dGHMk2-S_eDcWk-5" target="UDtpr3dGHMk2-S_eDcWk-3" edge="1">
          <mxGeometry relative="1" as="geometry" />
        </mxCell>
        <mxCell id="UDtpr3dGHMk2-S_eDcWk-19" style="edgeStyle=orthogonalEdgeStyle;rounded=0;orthogonalLoop=1;jettySize=auto;html=1;exitX=0;exitY=0.75;exitDx=0;exitDy=0;entryX=0.25;entryY=1;entryDx=0;entryDy=0;dashed=1;dashPattern=8 8;" parent="1" source="UDtpr3dGHMk2-S_eDcWk-5" target="UDtpr3dGHMk2-S_eDcWk-2" edge="1">
          <mxGeometry relative="1" as="geometry" />
        </mxCell>
        <mxCell id="UDtpr3dGHMk2-S_eDcWk-5" value=":Password" style="whiteSpace=wrap;html=1;aspect=fixed;" parent="1" vertex="1">
          <mxGeometry x="600" y="390" width="80" height="80" as="geometry" />
        </mxCell>
        <mxCell id="UDtpr3dGHMk2-S_eDcWk-7" value="Enter Credentials" style="text;html=1;align=center;verticalAlign=middle;resizable=0;points=[];autosize=1;strokeColor=none;fillColor=none;" parent="1" vertex="1">
          <mxGeometry x="165" y="195" width="110" height="30" as="geometry" />
        </mxCell>
        <mxCell id="UDtpr3dGHMk2-S_eDcWk-12" value="Validate" style="text;html=1;align=center;verticalAlign=middle;resizable=0;points=[];autosize=1;strokeColor=none;fillColor=none;" parent="1" vertex="1">
          <mxGeometry x="460" y="195" width="60" height="30" as="geometry" />
        </mxCell>
        <mxCell id="UDtpr3dGHMk2-S_eDcWk-13" value="Search()" style="text;html=1;align=center;verticalAlign=middle;resizable=0;points=[];autosize=1;strokeColor=none;fillColor=none;" parent="1" vertex="1">
          <mxGeometry x="685" y="195" width="70" height="30" as="geometry" />
        </mxCell>
        <mxCell id="UDtpr3dGHMk2-S_eDcWk-14" value="Update()" style="text;html=1;align=center;verticalAlign=middle;resizable=0;points=[];autosize=1;strokeColor=none;fillColor=none;rotation=-90;" parent="1" vertex="1">
          <mxGeometry x="580" y="315" width="70" height="30" as="geometry" />
        </mxCell>
        <mxCell id="UDtpr3dGHMk2-S_eDcWk-15" value="changePassw()" style="text;html=1;align=center;verticalAlign=middle;resizable=0;points=[];autosize=1;strokeColor=none;fillColor=none;" parent="1" vertex="1">
          <mxGeometry x="415" y="385" width="110" height="30" as="geometry" />
        </mxCell>
        <mxCell id="UDtpr3dGHMk2-S_eDcWk-21" value="Return message" style="text;html=1;align=center;verticalAlign=middle;resizable=0;points=[];autosize=1;strokeColor=none;fillColor=none;" parent="1" vertex="1">
          <mxGeometry x="680" y="220" width="110" height="30" as="geometry" />
        </mxCell>
        <mxCell id="UDtpr3dGHMk2-S_eDcWk-22" value="Return message" style="text;html=1;align=center;verticalAlign=middle;resizable=0;points=[];autosize=1;strokeColor=none;fillColor=none;" parent="1" vertex="1">
          <mxGeometry x="465" y="235" width="110" height="30" as="geometry" />
        </mxCell>
        <mxCell id="UDtpr3dGHMk2-S_eDcWk-23" value="Show message" style="text;html=1;align=center;verticalAlign=middle;resizable=0;points=[];autosize=1;strokeColor=none;fillColor=none;" parent="1" vertex="1">
          <mxGeometry x="165" y="235" width="110" height="30" as="geometry" />
        </mxCell>
        <mxCell id="UDtpr3dGHMk2-S_eDcWk-25" value="Return message" style="text;html=1;align=center;verticalAlign=middle;resizable=0;points=[];autosize=1;strokeColor=none;fillColor=none;" parent="1" vertex="1">
          <mxGeometry x="680" y="275" width="110" height="30" as="geometry" />
        </mxCell>
        <mxCell id="UDtpr3dGHMk2-S_eDcWk-27" value="UpdatePassw()" style="text;html=1;align=center;verticalAlign=middle;resizable=0;points=[];autosize=1;strokeColor=none;fillColor=none;" parent="1" vertex="1">
          <mxGeometry x="685" y="250" width="100" height="30" as="geometry" />
        </mxCell>
        <mxCell id="UDtpr3dGHMk2-S_eDcWk-29" value="Return new Passw" style="text;html=1;align=center;verticalAlign=middle;resizable=0;points=[];autosize=1;strokeColor=none;fillColor=none;rotation=-90;" parent="1" vertex="1">
          <mxGeometry x="590" y="325" width="120" height="30" as="geometry" />
        </mxCell>
        <mxCell id="UDtpr3dGHMk2-S_eDcWk-30" value="&lt;span style=&quot;color: rgb(240, 240, 240); font-family: Helvetica; font-size: 12px; font-style: normal; font-variant-ligatures: normal; font-variant-caps: normal; font-weight: 400; letter-spacing: normal; orphans: 2; text-align: center; text-indent: 0px; text-transform: none; widows: 2; word-spacing: 0px; -webkit-text-stroke-width: 0px; background-color: rgb(42, 37, 47); text-decoration-thickness: initial; text-decoration-style: initial; text-decoration-color: initial; float: none; display: inline !important;&quot;&gt;Return new Passw&lt;/span&gt;" style="text;whiteSpace=wrap;html=1;" parent="1" vertex="1">
          <mxGeometry x="425" y="420" width="130" height="40" as="geometry" />
        </mxCell>
        <mxCell id="UDtpr3dGHMk2-S_eDcWk-33" value="Show New Password" style="text;html=1;align=center;verticalAlign=middle;resizable=0;points=[];autosize=1;strokeColor=none;fillColor=none;" parent="1" vertex="1">
          <mxGeometry x="130" y="275" width="140" height="30" as="geometry" />
        </mxCell>
      </root>
    </mxGraphModel>
  </diagram>
</mxfile>
