<mxfile host="app.diagrams.net" modified="2023-01-26T21:50:28.842Z" agent="5.0 (Windows NT 10.0; Win64; x64) AppleWebKit/537.36 (KHTML, like Gecko) Chrome/107.0.0.0 Safari/537.36 OPR/93.0.0.0" etag="NjtIB-bOpK03EyTfTh98" version="20.8.12" type="github">
  <diagram name="Page-1" id="1HMpCtJwn5X2LGJYg91s">
    <mxGraphModel dx="1009" dy="542" grid="1" gridSize="10" guides="1" tooltips="1" connect="1" arrows="1" fold="1" page="1" pageScale="1" pageWidth="850" pageHeight="1100" math="0" shadow="0">
      <root>
        <mxCell id="0" />
        <mxCell id="1" parent="0" />
        <mxCell id="RGoysz8Ta3ocyxDR5d-1-1" style="edgeStyle=orthogonalEdgeStyle;rounded=0;orthogonalLoop=1;jettySize=auto;html=1;exitX=1;exitY=0.75;exitDx=0;exitDy=0;entryX=0;entryY=0.75;entryDx=0;entryDy=0;" parent="1" source="RGoysz8Ta3ocyxDR5d-1-3" target="RGoysz8Ta3ocyxDR5d-1-8" edge="1">
          <mxGeometry relative="1" as="geometry" />
        </mxCell>
        <mxCell id="RGoysz8Ta3ocyxDR5d-1-2" style="edgeStyle=orthogonalEdgeStyle;rounded=0;orthogonalLoop=1;jettySize=auto;html=1;exitX=1;exitY=0.5;exitDx=0;exitDy=0;entryX=0;entryY=0.5;entryDx=0;entryDy=0;endArrow=none;endFill=0;" parent="1" source="RGoysz8Ta3ocyxDR5d-1-3" target="RGoysz8Ta3ocyxDR5d-1-8" edge="1">
          <mxGeometry relative="1" as="geometry" />
        </mxCell>
        <mxCell id="RGoysz8Ta3ocyxDR5d-1-3" value="User" style="rounded=0;whiteSpace=wrap;html=1;" parent="1" vertex="1">
          <mxGeometry x="230" y="290" width="120" height="60" as="geometry" />
        </mxCell>
        <mxCell id="RGoysz8Ta3ocyxDR5d-1-4" style="edgeStyle=orthogonalEdgeStyle;rounded=0;orthogonalLoop=1;jettySize=auto;html=1;exitX=0.25;exitY=1;exitDx=0;exitDy=0;entryX=0.25;entryY=0;entryDx=0;entryDy=0;" parent="1" source="RGoysz8Ta3ocyxDR5d-1-8" target="RGoysz8Ta3ocyxDR5d-1-12" edge="1">
          <mxGeometry relative="1" as="geometry" />
        </mxCell>
        <mxCell id="RGoysz8Ta3ocyxDR5d-1-5" style="edgeStyle=orthogonalEdgeStyle;rounded=0;orthogonalLoop=1;jettySize=auto;html=1;exitX=0;exitY=1;exitDx=0;exitDy=0;" parent="1" source="RGoysz8Ta3ocyxDR5d-1-8" target="RGoysz8Ta3ocyxDR5d-1-15" edge="1">
          <mxGeometry relative="1" as="geometry">
            <Array as="points">
              <mxPoint x="660" y="400" />
              <mxPoint x="290" y="400" />
            </Array>
          </mxGeometry>
        </mxCell>
        <mxCell id="RGoysz8Ta3ocyxDR5d-1-6" style="edgeStyle=orthogonalEdgeStyle;rounded=0;orthogonalLoop=1;jettySize=auto;html=1;exitX=0;exitY=0.25;exitDx=0;exitDy=0;entryX=1;entryY=0.25;entryDx=0;entryDy=0;dashed=1;dashPattern=8 8;" parent="1" source="RGoysz8Ta3ocyxDR5d-1-8" target="RGoysz8Ta3ocyxDR5d-1-3" edge="1">
          <mxGeometry relative="1" as="geometry" />
        </mxCell>
        <mxCell id="RGoysz8Ta3ocyxDR5d-1-7" style="edgeStyle=orthogonalEdgeStyle;rounded=0;orthogonalLoop=1;jettySize=auto;html=1;exitX=0.5;exitY=1;exitDx=0;exitDy=0;entryX=0.5;entryY=0;entryDx=0;entryDy=0;endArrow=none;endFill=0;" parent="1" source="RGoysz8Ta3ocyxDR5d-1-8" target="RGoysz8Ta3ocyxDR5d-1-12" edge="1">
          <mxGeometry relative="1" as="geometry" />
        </mxCell>
        <mxCell id="RGoysz8Ta3ocyxDR5d-1-8" value="Login" style="rounded=0;whiteSpace=wrap;html=1;" parent="1" vertex="1">
          <mxGeometry x="660" y="290" width="120" height="60" as="geometry" />
        </mxCell>
        <mxCell id="RGoysz8Ta3ocyxDR5d-1-9" style="edgeStyle=orthogonalEdgeStyle;rounded=0;orthogonalLoop=1;jettySize=auto;html=1;exitX=0.25;exitY=1;exitDx=0;exitDy=0;entryX=0.25;entryY=0;entryDx=0;entryDy=0;" parent="1" source="RGoysz8Ta3ocyxDR5d-1-12" target="RGoysz8Ta3ocyxDR5d-1-14" edge="1">
          <mxGeometry relative="1" as="geometry" />
        </mxCell>
        <mxCell id="RGoysz8Ta3ocyxDR5d-1-10" style="edgeStyle=orthogonalEdgeStyle;rounded=0;orthogonalLoop=1;jettySize=auto;html=1;exitX=0.75;exitY=0;exitDx=0;exitDy=0;entryX=0.75;entryY=1;entryDx=0;entryDy=0;dashed=1;dashPattern=8 8;" parent="1" source="RGoysz8Ta3ocyxDR5d-1-12" target="RGoysz8Ta3ocyxDR5d-1-8" edge="1">
          <mxGeometry relative="1" as="geometry" />
        </mxCell>
        <mxCell id="RGoysz8Ta3ocyxDR5d-1-11" style="edgeStyle=orthogonalEdgeStyle;rounded=0;orthogonalLoop=1;jettySize=auto;html=1;exitX=0.5;exitY=1;exitDx=0;exitDy=0;endArrow=none;endFill=0;" parent="1" source="RGoysz8Ta3ocyxDR5d-1-12" target="RGoysz8Ta3ocyxDR5d-1-14" edge="1">
          <mxGeometry relative="1" as="geometry" />
        </mxCell>
        <mxCell id="RGoysz8Ta3ocyxDR5d-1-12" value="Server" style="rounded=0;whiteSpace=wrap;html=1;" parent="1" vertex="1">
          <mxGeometry x="660" y="480" width="120" height="60" as="geometry" />
        </mxCell>
        <mxCell id="RGoysz8Ta3ocyxDR5d-1-13" style="edgeStyle=orthogonalEdgeStyle;rounded=0;orthogonalLoop=1;jettySize=auto;html=1;exitX=0.75;exitY=0;exitDx=0;exitDy=0;entryX=0.75;entryY=1;entryDx=0;entryDy=0;dashed=1;dashPattern=8 8;" parent="1" source="RGoysz8Ta3ocyxDR5d-1-14" target="RGoysz8Ta3ocyxDR5d-1-12" edge="1">
          <mxGeometry relative="1" as="geometry" />
        </mxCell>
        <mxCell id="RGoysz8Ta3ocyxDR5d-1-14" value="Database" style="rounded=0;whiteSpace=wrap;html=1;" parent="1" vertex="1">
          <mxGeometry x="660" y="660" width="120" height="60" as="geometry" />
        </mxCell>
        <mxCell id="RGoysz8Ta3ocyxDR5d-1-15" value="HomePage" style="rounded=0;whiteSpace=wrap;html=1;" parent="1" vertex="1">
          <mxGeometry x="230" y="550" width="120" height="60" as="geometry" />
        </mxCell>
        <mxCell id="RGoysz8Ta3ocyxDR5d-1-16" value="Show message" style="text;html=1;align=center;verticalAlign=middle;resizable=0;points=[];autosize=1;strokeColor=none;fillColor=none;" parent="1" vertex="1">
          <mxGeometry x="445" y="280" width="110" height="30" as="geometry" />
        </mxCell>
        <mxCell id="RGoysz8Ta3ocyxDR5d-1-17" value="Authentication&amp;nbsp;&lt;br&gt;message" style="text;html=1;align=center;verticalAlign=middle;resizable=0;points=[];autosize=1;strokeColor=none;fillColor=none;" parent="1" vertex="1">
          <mxGeometry x="750" y="400" width="100" height="40" as="geometry" />
        </mxCell>
        <mxCell id="RGoysz8Ta3ocyxDR5d-1-18" value="Return message" style="text;html=1;align=center;verticalAlign=middle;resizable=0;points=[];autosize=1;strokeColor=none;fillColor=none;" parent="1" vertex="1">
          <mxGeometry x="750" y="580" width="110" height="30" as="geometry" />
        </mxCell>
        <mxCell id="RGoysz8Ta3ocyxDR5d-1-19" value="Search user" style="text;html=1;align=center;verticalAlign=middle;resizable=0;points=[];autosize=1;strokeColor=none;fillColor=none;" parent="1" vertex="1">
          <mxGeometry x="610" y="590" width="90" height="30" as="geometry" />
        </mxCell>
        <mxCell id="RGoysz8Ta3ocyxDR5d-1-20" value="Validate" style="text;html=1;align=center;verticalAlign=middle;resizable=0;points=[];autosize=1;strokeColor=none;fillColor=none;" parent="1" vertex="1">
          <mxGeometry x="625" y="405" width="60" height="30" as="geometry" />
        </mxCell>
        <mxCell id="RGoysz8Ta3ocyxDR5d-1-21" value="Redirect" style="text;html=1;align=center;verticalAlign=middle;resizable=0;points=[];autosize=1;strokeColor=none;fillColor=none;" parent="1" vertex="1">
          <mxGeometry x="345" y="375" width="70" height="30" as="geometry" />
        </mxCell>
        <mxCell id="RGoysz8Ta3ocyxDR5d-1-22" value="Enter credentials" style="text;html=1;align=center;verticalAlign=middle;resizable=0;points=[];autosize=1;strokeColor=none;fillColor=none;" parent="1" vertex="1">
          <mxGeometry x="410" y="330" width="110" height="30" as="geometry" />
        </mxCell>
      </root>
    </mxGraphModel>
  </diagram>
</mxfile>
