<mxfile host="app.diagrams.net" modified="2023-01-26T22:35:39.053Z" agent="5.0 (Windows NT 10.0; Win64; x64) AppleWebKit/537.36 (KHTML, like Gecko) Chrome/107.0.0.0 Safari/537.36 OPR/93.0.0.0" etag="EzUH3VUc-b4WiOSpleJq" version="20.8.12" type="github">
  <diagram name="Page-1" id="IbfmkGpFeYVEju3x3-Ro">
    <mxGraphModel dx="1009" dy="542" grid="1" gridSize="10" guides="1" tooltips="1" connect="1" arrows="1" fold="1" page="1" pageScale="1" pageWidth="850" pageHeight="1100" math="0" shadow="0">
      <root>
        <mxCell id="0" />
        <mxCell id="1" parent="0" />
        <mxCell id="D_GVmPlg7ec33cHFF850-16" style="edgeStyle=orthogonalEdgeStyle;rounded=0;orthogonalLoop=1;jettySize=auto;html=1;exitX=0.5;exitY=0.5;exitDx=0;exitDy=0;exitPerimeter=0;entryX=-0.032;entryY=0.384;entryDx=0;entryDy=0;entryPerimeter=0;endArrow=none;endFill=0;" parent="1" source="D_GVmPlg7ec33cHFF850-1" target="D_GVmPlg7ec33cHFF850-2" edge="1">
          <mxGeometry relative="1" as="geometry" />
        </mxCell>
        <mxCell id="D_GVmPlg7ec33cHFF850-25" style="edgeStyle=orthogonalEdgeStyle;rounded=0;orthogonalLoop=1;jettySize=auto;html=1;exitX=1;exitY=0.3333333333333333;exitDx=0;exitDy=0;exitPerimeter=0;entryX=0;entryY=0.25;entryDx=0;entryDy=0;endArrow=block;endFill=1;" parent="1" source="D_GVmPlg7ec33cHFF850-1" target="D_GVmPlg7ec33cHFF850-2" edge="1">
          <mxGeometry relative="1" as="geometry">
            <Array as="points">
              <mxPoint x="50" y="238" />
              <mxPoint x="260" y="238" />
            </Array>
          </mxGeometry>
        </mxCell>
        <mxCell id="D_GVmPlg7ec33cHFF850-1" value="Admin" style="shape=umlActor;verticalLabelPosition=bottom;verticalAlign=top;html=1;outlineConnect=0;" parent="1" vertex="1">
          <mxGeometry x="20" y="220" width="30" height="60" as="geometry" />
        </mxCell>
        <mxCell id="D_GVmPlg7ec33cHFF850-10" style="edgeStyle=orthogonalEdgeStyle;rounded=0;orthogonalLoop=1;jettySize=auto;html=1;exitX=0.25;exitY=0;exitDx=0;exitDy=0;entryX=0;entryY=0.25;entryDx=0;entryDy=0;" parent="1" source="D_GVmPlg7ec33cHFF850-2" target="D_GVmPlg7ec33cHFF850-5" edge="1">
          <mxGeometry relative="1" as="geometry">
            <mxPoint x="430" y="70" as="targetPoint" />
          </mxGeometry>
        </mxCell>
        <mxCell id="D_GVmPlg7ec33cHFF850-18" style="edgeStyle=orthogonalEdgeStyle;rounded=0;orthogonalLoop=1;jettySize=auto;html=1;exitX=0;exitY=0.75;exitDx=0;exitDy=0;endArrow=block;endFill=1;dashed=1;dashPattern=12 12;" parent="1" source="D_GVmPlg7ec33cHFF850-2" edge="1">
          <mxGeometry relative="1" as="geometry">
            <mxPoint x="50" y="282" as="targetPoint" />
            <Array as="points">
              <mxPoint x="180" y="282" />
              <mxPoint x="70" y="282" />
            </Array>
          </mxGeometry>
        </mxCell>
        <mxCell id="D_GVmPlg7ec33cHFF850-29" style="edgeStyle=orthogonalEdgeStyle;rounded=0;orthogonalLoop=1;jettySize=auto;html=1;exitX=0.5;exitY=0;exitDx=0;exitDy=0;entryX=0;entryY=0.5;entryDx=0;entryDy=0;endArrow=block;endFill=1;" parent="1" source="D_GVmPlg7ec33cHFF850-2" target="D_GVmPlg7ec33cHFF850-5" edge="1">
          <mxGeometry relative="1" as="geometry" />
        </mxCell>
        <mxCell id="D_GVmPlg7ec33cHFF850-44" value="deleteUser()" style="edgeLabel;html=1;align=center;verticalAlign=middle;resizable=0;points=[];" parent="D_GVmPlg7ec33cHFF850-29" vertex="1" connectable="0">
          <mxGeometry x="0.4631" y="4" relative="1" as="geometry">
            <mxPoint x="-4" as="offset" />
          </mxGeometry>
        </mxCell>
        <mxCell id="D_GVmPlg7ec33cHFF850-30" style="edgeStyle=orthogonalEdgeStyle;rounded=0;orthogonalLoop=1;jettySize=auto;html=1;exitX=0.75;exitY=0;exitDx=0;exitDy=0;entryX=0;entryY=0.75;entryDx=0;entryDy=0;endArrow=block;endFill=1;" parent="1" source="D_GVmPlg7ec33cHFF850-2" target="D_GVmPlg7ec33cHFF850-5" edge="1">
          <mxGeometry relative="1" as="geometry" />
        </mxCell>
        <mxCell id="D_GVmPlg7ec33cHFF850-32" style="edgeStyle=orthogonalEdgeStyle;rounded=0;orthogonalLoop=1;jettySize=auto;html=1;exitX=1;exitY=0;exitDx=0;exitDy=0;entryX=0;entryY=0;entryDx=0;entryDy=0;endArrow=block;endFill=1;" parent="1" source="D_GVmPlg7ec33cHFF850-2" target="D_GVmPlg7ec33cHFF850-3" edge="1">
          <mxGeometry relative="1" as="geometry" />
        </mxCell>
        <mxCell id="D_GVmPlg7ec33cHFF850-33" style="edgeStyle=orthogonalEdgeStyle;rounded=0;orthogonalLoop=1;jettySize=auto;html=1;exitX=1;exitY=1;exitDx=0;exitDy=0;entryX=0;entryY=1;entryDx=0;entryDy=0;endArrow=block;endFill=1;" parent="1" source="D_GVmPlg7ec33cHFF850-2" target="D_GVmPlg7ec33cHFF850-3" edge="1">
          <mxGeometry relative="1" as="geometry" />
        </mxCell>
        <mxCell id="D_GVmPlg7ec33cHFF850-36" style="edgeStyle=orthogonalEdgeStyle;rounded=0;orthogonalLoop=1;jettySize=auto;html=1;exitX=1;exitY=0.5;exitDx=0;exitDy=0;entryX=0;entryY=0.5;entryDx=0;entryDy=0;endArrow=none;endFill=0;" parent="1" source="D_GVmPlg7ec33cHFF850-2" target="D_GVmPlg7ec33cHFF850-3" edge="1">
          <mxGeometry relative="1" as="geometry" />
        </mxCell>
        <mxCell id="D_GVmPlg7ec33cHFF850-2" value=":User Table" style="whiteSpace=wrap;html=1;aspect=fixed;" parent="1" vertex="1">
          <mxGeometry x="290" y="215" width="90" height="90" as="geometry" />
        </mxCell>
        <mxCell id="D_GVmPlg7ec33cHFF850-12" style="edgeStyle=orthogonalEdgeStyle;rounded=0;orthogonalLoop=1;jettySize=auto;html=1;exitX=0.5;exitY=0;exitDx=0;exitDy=0;entryX=0.5;entryY=1;entryDx=0;entryDy=0;endArrow=none;endFill=0;" parent="1" source="D_GVmPlg7ec33cHFF850-3" target="D_GVmPlg7ec33cHFF850-5" edge="1">
          <mxGeometry relative="1" as="geometry" />
        </mxCell>
        <mxCell id="D_GVmPlg7ec33cHFF850-21" style="edgeStyle=orthogonalEdgeStyle;rounded=0;orthogonalLoop=1;jettySize=auto;html=1;exitX=0.75;exitY=0;exitDx=0;exitDy=0;entryX=0.75;entryY=1;entryDx=0;entryDy=0;dashed=1;dashPattern=12 12;endArrow=block;endFill=1;" parent="1" source="D_GVmPlg7ec33cHFF850-3" target="D_GVmPlg7ec33cHFF850-5" edge="1">
          <mxGeometry relative="1" as="geometry" />
        </mxCell>
        <mxCell id="D_GVmPlg7ec33cHFF850-23" style="edgeStyle=orthogonalEdgeStyle;rounded=0;orthogonalLoop=1;jettySize=auto;html=1;exitX=0;exitY=0.75;exitDx=0;exitDy=0;entryX=1;entryY=0.75;entryDx=0;entryDy=0;dashed=1;dashPattern=12 12;endArrow=block;endFill=1;" parent="1" source="D_GVmPlg7ec33cHFF850-3" target="D_GVmPlg7ec33cHFF850-2" edge="1">
          <mxGeometry relative="1" as="geometry" />
        </mxCell>
        <mxCell id="D_GVmPlg7ec33cHFF850-26" style="edgeStyle=orthogonalEdgeStyle;rounded=0;orthogonalLoop=1;jettySize=auto;html=1;exitX=0;exitY=0.25;exitDx=0;exitDy=0;entryX=1;entryY=0.25;entryDx=0;entryDy=0;dashed=1;dashPattern=12 12;endArrow=block;endFill=1;" parent="1" source="D_GVmPlg7ec33cHFF850-3" target="D_GVmPlg7ec33cHFF850-2" edge="1">
          <mxGeometry relative="1" as="geometry" />
        </mxCell>
        <mxCell id="D_GVmPlg7ec33cHFF850-3" value=":Database" style="whiteSpace=wrap;html=1;aspect=fixed;" parent="1" vertex="1">
          <mxGeometry x="580" y="215" width="90" height="90" as="geometry" />
        </mxCell>
        <mxCell id="D_GVmPlg7ec33cHFF850-39" style="edgeStyle=orthogonalEdgeStyle;rounded=0;orthogonalLoop=1;jettySize=auto;html=1;exitX=0.25;exitY=1;exitDx=0;exitDy=0;entryX=0.25;entryY=0;entryDx=0;entryDy=0;endArrow=block;endFill=1;" parent="1" source="D_GVmPlg7ec33cHFF850-5" target="D_GVmPlg7ec33cHFF850-3" edge="1">
          <mxGeometry relative="1" as="geometry" />
        </mxCell>
        <mxCell id="D_GVmPlg7ec33cHFF850-5" value=":Users" style="whiteSpace=wrap;html=1;aspect=fixed;" parent="1" vertex="1">
          <mxGeometry x="585" y="10" width="80" height="80" as="geometry" />
        </mxCell>
        <mxCell id="D_GVmPlg7ec33cHFF850-31" value="View User" style="text;html=1;align=center;verticalAlign=middle;resizable=0;points=[];autosize=1;strokeColor=none;fillColor=none;" parent="1" vertex="1">
          <mxGeometry x="110" y="215" width="80" height="30" as="geometry" />
        </mxCell>
        <mxCell id="D_GVmPlg7ec33cHFF850-34" value="GetUser()" style="text;html=1;align=center;verticalAlign=middle;resizable=0;points=[];autosize=1;strokeColor=none;fillColor=none;" parent="1" vertex="1">
          <mxGeometry x="415" y="165" width="70" height="30" as="geometry" />
        </mxCell>
        <mxCell id="D_GVmPlg7ec33cHFF850-35" value="DeleteUser()" style="text;html=1;align=center;verticalAlign=middle;resizable=0;points=[];autosize=1;strokeColor=none;fillColor=none;" parent="1" vertex="1">
          <mxGeometry x="415" y="320" width="90" height="30" as="geometry" />
        </mxCell>
        <mxCell id="D_GVmPlg7ec33cHFF850-37" value="Send response" style="text;html=1;align=center;verticalAlign=middle;resizable=0;points=[];autosize=1;strokeColor=none;fillColor=none;" parent="1" vertex="1">
          <mxGeometry x="425" y="215" width="100" height="30" as="geometry" />
        </mxCell>
        <mxCell id="D_GVmPlg7ec33cHFF850-38" value="Send response" style="text;html=1;align=center;verticalAlign=middle;resizable=0;points=[];autosize=1;strokeColor=none;fillColor=none;" parent="1" vertex="1">
          <mxGeometry x="425" y="260" width="100" height="30" as="geometry" />
        </mxCell>
        <mxCell id="D_GVmPlg7ec33cHFF850-40" value="Update()" style="text;html=1;align=center;verticalAlign=middle;resizable=0;points=[];autosize=1;strokeColor=none;fillColor=none;rotation=-90;" parent="1" vertex="1">
          <mxGeometry x="545" y="125" width="70" height="30" as="geometry" />
        </mxCell>
        <mxCell id="D_GVmPlg7ec33cHFF850-41" value="Send Response()" style="text;html=1;align=center;verticalAlign=middle;resizable=0;points=[];autosize=1;strokeColor=none;fillColor=none;rotation=-90;" parent="1" vertex="1">
          <mxGeometry x="605" y="135" width="120" height="30" as="geometry" />
        </mxCell>
        <mxCell id="D_GVmPlg7ec33cHFF850-43" value="addUser()" style="text;html=1;align=center;verticalAlign=middle;resizable=0;points=[];autosize=1;strokeColor=none;fillColor=none;" parent="1" vertex="1">
          <mxGeometry x="390" y="10" width="80" height="30" as="geometry" />
        </mxCell>
        <mxCell id="D_GVmPlg7ec33cHFF850-46" value="editUser()" style="text;html=1;align=center;verticalAlign=middle;resizable=0;points=[];autosize=1;strokeColor=none;fillColor=none;" parent="1" vertex="1">
          <mxGeometry x="425" y="50" width="70" height="30" as="geometry" />
        </mxCell>
        <mxCell id="D_GVmPlg7ec33cHFF850-47" value="Display User Table" style="text;html=1;align=center;verticalAlign=middle;resizable=0;points=[];autosize=1;strokeColor=none;fillColor=none;" parent="1" vertex="1">
          <mxGeometry x="80" y="255" width="120" height="30" as="geometry" />
        </mxCell>
      </root>
    </mxGraphModel>
  </diagram>
</mxfile>
