<mxfile host="app.diagrams.net" modified="2023-01-27T00:23:20.589Z" agent="5.0 (Windows NT 10.0; Win64; x64) AppleWebKit/537.36 (KHTML, like Gecko) Chrome/107.0.0.0 Safari/537.36 OPR/93.0.0.0" etag="H4hfhYKno71qc4UOGf0J" version="20.8.12" type="github">
  <diagram name="Page-1" id="xyislpN3LaqBRS6U9C31">
    <mxGraphModel dx="1187" dy="638" grid="1" gridSize="10" guides="1" tooltips="1" connect="1" arrows="1" fold="1" page="1" pageScale="1" pageWidth="850" pageHeight="1100" math="0" shadow="0">
      <root>
        <mxCell id="0" />
        <mxCell id="1" parent="0" />
        <mxCell id="n9Us7ZuUqtteKTswHWMX-7" style="edgeStyle=orthogonalEdgeStyle;rounded=0;orthogonalLoop=1;jettySize=auto;html=1;exitX=1;exitY=0.25;exitDx=0;exitDy=0;entryX=0;entryY=0.25;entryDx=0;entryDy=0;" parent="1" source="n9Us7ZuUqtteKTswHWMX-1" target="n9Us7ZuUqtteKTswHWMX-2" edge="1">
          <mxGeometry relative="1" as="geometry" />
        </mxCell>
        <mxCell id="n9Us7ZuUqtteKTswHWMX-1" value=":User" style="whiteSpace=wrap;html=1;aspect=fixed;" parent="1" vertex="1">
          <mxGeometry x="30" y="220" width="80" height="80" as="geometry" />
        </mxCell>
        <mxCell id="n9Us7ZuUqtteKTswHWMX-8" style="edgeStyle=orthogonalEdgeStyle;rounded=0;orthogonalLoop=1;jettySize=auto;html=1;exitX=1;exitY=0.25;exitDx=0;exitDy=0;entryX=0;entryY=0.25;entryDx=0;entryDy=0;" parent="1" source="n9Us7ZuUqtteKTswHWMX-2" target="n9Us7ZuUqtteKTswHWMX-3" edge="1">
          <mxGeometry relative="1" as="geometry" />
        </mxCell>
        <mxCell id="n9Us7ZuUqtteKTswHWMX-2" value=":Login" style="whiteSpace=wrap;html=1;aspect=fixed;" parent="1" vertex="1">
          <mxGeometry x="320" y="220" width="80" height="80" as="geometry" />
        </mxCell>
        <mxCell id="n9Us7ZuUqtteKTswHWMX-9" style="edgeStyle=orthogonalEdgeStyle;rounded=0;orthogonalLoop=1;jettySize=auto;html=1;exitX=0.25;exitY=1;exitDx=0;exitDy=0;entryX=0.25;entryY=0;entryDx=0;entryDy=0;" parent="1" source="n9Us7ZuUqtteKTswHWMX-3" target="n9Us7ZuUqtteKTswHWMX-4" edge="1">
          <mxGeometry relative="1" as="geometry" />
        </mxCell>
        <mxCell id="n9Us7ZuUqtteKTswHWMX-3" value=":Homepage" style="whiteSpace=wrap;html=1;aspect=fixed;" parent="1" vertex="1">
          <mxGeometry x="640" y="220" width="80" height="80" as="geometry" />
        </mxCell>
        <mxCell id="n9Us7ZuUqtteKTswHWMX-13" style="edgeStyle=orthogonalEdgeStyle;rounded=0;orthogonalLoop=1;jettySize=auto;html=1;exitX=0.5;exitY=1;exitDx=0;exitDy=0;entryX=0.5;entryY=0;entryDx=0;entryDy=0;" parent="1" source="n9Us7ZuUqtteKTswHWMX-4" target="n9Us7ZuUqtteKTswHWMX-12" edge="1">
          <mxGeometry relative="1" as="geometry" />
        </mxCell>
        <mxCell id="n9Us7ZuUqtteKTswHWMX-4" value=":Report Issue" style="whiteSpace=wrap;html=1;aspect=fixed;" parent="1" vertex="1">
          <mxGeometry x="640" y="400" width="80" height="80" as="geometry" />
        </mxCell>
        <mxCell id="n9Us7ZuUqtteKTswHWMX-25" style="edgeStyle=orthogonalEdgeStyle;rounded=0;orthogonalLoop=1;jettySize=auto;html=1;exitX=0.5;exitY=1;exitDx=0;exitDy=0;entryX=0;entryY=0.75;entryDx=0;entryDy=0;" parent="1" source="n9Us7ZuUqtteKTswHWMX-5" target="n9Us7ZuUqtteKTswHWMX-4" edge="1">
          <mxGeometry relative="1" as="geometry">
            <Array as="points">
              <mxPoint x="540" y="940" />
              <mxPoint x="410" y="940" />
              <mxPoint x="410" y="460" />
            </Array>
          </mxGeometry>
        </mxCell>
        <mxCell id="n9Us7ZuUqtteKTswHWMX-29" style="edgeStyle=orthogonalEdgeStyle;rounded=0;orthogonalLoop=1;jettySize=auto;html=1;exitX=0.25;exitY=0;exitDx=0;exitDy=0;entryX=0;entryY=1;entryDx=0;entryDy=0;dashed=1;dashPattern=8 8;" parent="1" source="n9Us7ZuUqtteKTswHWMX-5" target="n9Us7ZuUqtteKTswHWMX-4" edge="1">
          <mxGeometry relative="1" as="geometry">
            <Array as="points">
              <mxPoint x="520" y="480" />
            </Array>
          </mxGeometry>
        </mxCell>
        <mxCell id="n9Us7ZuUqtteKTswHWMX-5" value=":IT" style="whiteSpace=wrap;html=1;aspect=fixed;" parent="1" vertex="1">
          <mxGeometry x="500" y="840" width="80" height="80" as="geometry" />
        </mxCell>
        <mxCell id="n9Us7ZuUqtteKTswHWMX-26" style="edgeStyle=orthogonalEdgeStyle;rounded=0;orthogonalLoop=1;jettySize=auto;html=1;exitX=0.5;exitY=1;exitDx=0;exitDy=0;entryX=1;entryY=0.75;entryDx=0;entryDy=0;" parent="1" source="n9Us7ZuUqtteKTswHWMX-6" target="n9Us7ZuUqtteKTswHWMX-4" edge="1">
          <mxGeometry relative="1" as="geometry">
            <Array as="points">
              <mxPoint x="820" y="940" />
              <mxPoint x="970" y="940" />
              <mxPoint x="970" y="460" />
            </Array>
          </mxGeometry>
        </mxCell>
        <mxCell id="n9Us7ZuUqtteKTswHWMX-30" style="edgeStyle=orthogonalEdgeStyle;rounded=0;orthogonalLoop=1;jettySize=auto;html=1;exitX=1;exitY=0;exitDx=0;exitDy=0;entryX=1;entryY=1;entryDx=0;entryDy=0;dashed=1;dashPattern=8 8;" parent="1" source="n9Us7ZuUqtteKTswHWMX-6" target="n9Us7ZuUqtteKTswHWMX-4" edge="1">
          <mxGeometry relative="1" as="geometry">
            <Array as="points">
              <mxPoint x="860" y="480" />
            </Array>
          </mxGeometry>
        </mxCell>
        <mxCell id="n9Us7ZuUqtteKTswHWMX-6" value=":Service" style="whiteSpace=wrap;html=1;aspect=fixed;" parent="1" vertex="1">
          <mxGeometry x="780" y="840" width="80" height="80" as="geometry" />
        </mxCell>
        <mxCell id="n9Us7ZuUqtteKTswHWMX-14" style="edgeStyle=orthogonalEdgeStyle;rounded=0;orthogonalLoop=1;jettySize=auto;html=1;exitX=0.25;exitY=1;exitDx=0;exitDy=0;entryX=0.75;entryY=0;entryDx=0;entryDy=0;" parent="1" source="n9Us7ZuUqtteKTswHWMX-12" target="n9Us7ZuUqtteKTswHWMX-5" edge="1">
          <mxGeometry relative="1" as="geometry" />
        </mxCell>
        <mxCell id="n9Us7ZuUqtteKTswHWMX-15" style="edgeStyle=orthogonalEdgeStyle;rounded=0;orthogonalLoop=1;jettySize=auto;html=1;exitX=0.75;exitY=1;exitDx=0;exitDy=0;entryX=0.25;entryY=0;entryDx=0;entryDy=0;" parent="1" source="n9Us7ZuUqtteKTswHWMX-12" target="n9Us7ZuUqtteKTswHWMX-6" edge="1">
          <mxGeometry relative="1" as="geometry" />
        </mxCell>
        <mxCell id="n9Us7ZuUqtteKTswHWMX-12" value=":IssueForm" style="whiteSpace=wrap;html=1;aspect=fixed;" parent="1" vertex="1">
          <mxGeometry x="640" y="630" width="80" height="80" as="geometry" />
        </mxCell>
        <mxCell id="n9Us7ZuUqtteKTswHWMX-17" value="Enter Credentials" style="text;html=1;align=center;verticalAlign=middle;resizable=0;points=[];autosize=1;strokeColor=none;fillColor=none;" parent="1" vertex="1">
          <mxGeometry x="150" y="220" width="110" height="30" as="geometry" />
        </mxCell>
        <mxCell id="n9Us7ZuUqtteKTswHWMX-19" value="Redirect" style="text;html=1;align=center;verticalAlign=middle;resizable=0;points=[];autosize=1;strokeColor=none;fillColor=none;" parent="1" vertex="1">
          <mxGeometry x="445" y="215" width="70" height="30" as="geometry" />
        </mxCell>
        <mxCell id="n9Us7ZuUqtteKTswHWMX-21" value="report an Issue" style="text;html=1;align=center;verticalAlign=middle;resizable=0;points=[];autosize=1;strokeColor=none;fillColor=none;rotation=90;" parent="1" vertex="1">
          <mxGeometry x="630" y="335" width="100" height="30" as="geometry" />
        </mxCell>
        <mxCell id="n9Us7ZuUqtteKTswHWMX-22" value="Enter Info&amp;nbsp;" style="text;html=1;align=center;verticalAlign=middle;resizable=0;points=[];autosize=1;strokeColor=none;fillColor=none;rotation=90;" parent="1" vertex="1">
          <mxGeometry x="660" y="520" width="80" height="30" as="geometry" />
        </mxCell>
        <mxCell id="n9Us7ZuUqtteKTswHWMX-23" value="ShowIssue()" style="text;html=1;align=center;verticalAlign=middle;resizable=0;points=[];autosize=1;strokeColor=none;fillColor=none;" parent="1" vertex="1">
          <mxGeometry x="705" y="750" width="90" height="30" as="geometry" />
        </mxCell>
        <mxCell id="n9Us7ZuUqtteKTswHWMX-24" value="ShowIssue()" style="text;html=1;align=center;verticalAlign=middle;resizable=0;points=[];autosize=1;strokeColor=none;fillColor=none;" parent="1" vertex="1">
          <mxGeometry x="560" y="750" width="90" height="30" as="geometry" />
        </mxCell>
        <mxCell id="n9Us7ZuUqtteKTswHWMX-27" value="Redirect" style="text;html=1;align=center;verticalAlign=middle;resizable=0;points=[];autosize=1;strokeColor=none;fillColor=none;rotation=90;" parent="1" vertex="1">
          <mxGeometry x="385" y="645" width="70" height="30" as="geometry" />
        </mxCell>
        <mxCell id="n9Us7ZuUqtteKTswHWMX-28" value="Redirect" style="text;html=1;align=center;verticalAlign=middle;resizable=0;points=[];autosize=1;strokeColor=none;fillColor=none;rotation=90;" parent="1" vertex="1">
          <mxGeometry x="940" y="655" width="70" height="30" as="geometry" />
        </mxCell>
        <mxCell id="n9Us7ZuUqtteKTswHWMX-31" value="Return Message" style="text;html=1;align=center;verticalAlign=middle;resizable=0;points=[];autosize=1;strokeColor=none;fillColor=none;rotation=90;" parent="1" vertex="1">
          <mxGeometry x="830" y="645" width="110" height="30" as="geometry" />
        </mxCell>
        <mxCell id="n9Us7ZuUqtteKTswHWMX-32" value="Return Message" style="text;html=1;align=center;verticalAlign=middle;resizable=0;points=[];autosize=1;strokeColor=none;fillColor=none;rotation=90;" parent="1" vertex="1">
          <mxGeometry x="485" y="625" width="110" height="30" as="geometry" />
        </mxCell>
      </root>
    </mxGraphModel>
  </diagram>
</mxfile>
