<mxfile host="app.diagrams.net" modified="2023-01-27T00:39:08.411Z" agent="5.0 (Windows NT 10.0; Win64; x64) AppleWebKit/537.36 (KHTML, like Gecko) Chrome/107.0.0.0 Safari/537.36 OPR/93.0.0.0" etag="C1bH2munow8cinoz64_P" version="20.8.12" type="github">
  <diagram name="Page-1" id="5Wlsll50WU9ei3iragm-">
    <mxGraphModel dx="1009" dy="542" grid="1" gridSize="10" guides="1" tooltips="1" connect="1" arrows="1" fold="1" page="1" pageScale="1" pageWidth="850" pageHeight="1100" math="0" shadow="0">
      <root>
        <mxCell id="0" />
        <mxCell id="1" parent="0" />
        <mxCell id="OKLH3iIue3CMdQ7ofGc8-1" style="edgeStyle=orthogonalEdgeStyle;rounded=0;orthogonalLoop=1;jettySize=auto;html=1;exitX=1;exitY=0.5;exitDx=0;exitDy=0;entryX=0;entryY=0.5;entryDx=0;entryDy=0;" parent="1" source="OKLH3iIue3CMdQ7ofGc8-2" target="OKLH3iIue3CMdQ7ofGc8-4" edge="1">
          <mxGeometry relative="1" as="geometry" />
        </mxCell>
        <mxCell id="OKLH3iIue3CMdQ7ofGc8-2" value=":User" style="whiteSpace=wrap;html=1;aspect=fixed;" parent="1" vertex="1">
          <mxGeometry x="50" y="350" width="80" height="80" as="geometry" />
        </mxCell>
        <mxCell id="OKLH3iIue3CMdQ7ofGc8-3" style="edgeStyle=orthogonalEdgeStyle;rounded=0;orthogonalLoop=1;jettySize=auto;html=1;exitX=1;exitY=0.5;exitDx=0;exitDy=0;entryX=0;entryY=0.5;entryDx=0;entryDy=0;" parent="1" source="OKLH3iIue3CMdQ7ofGc8-4" target="OKLH3iIue3CMdQ7ofGc8-19" edge="1">
          <mxGeometry relative="1" as="geometry">
            <Array as="points">
              <mxPoint x="540" y="390" />
              <mxPoint x="540" y="660" />
            </Array>
          </mxGeometry>
        </mxCell>
        <mxCell id="OKLH3iIue3CMdQ7ofGc8-4" value=":LogIn" style="whiteSpace=wrap;html=1;aspect=fixed;" parent="1" vertex="1">
          <mxGeometry x="350" y="350" width="80" height="80" as="geometry" />
        </mxCell>
        <mxCell id="OKLH3iIue3CMdQ7ofGc8-5" style="edgeStyle=orthogonalEdgeStyle;rounded=0;orthogonalLoop=1;jettySize=auto;html=1;exitX=1;exitY=0.5;exitDx=0;exitDy=0;" parent="1" source="OKLH3iIue3CMdQ7ofGc8-6" target="OKLH3iIue3CMdQ7ofGc8-10" edge="1">
          <mxGeometry relative="1" as="geometry" />
        </mxCell>
        <mxCell id="OKLH3iIue3CMdQ7ofGc8-6" value=":Service" style="whiteSpace=wrap;html=1;aspect=fixed;" parent="1" vertex="1">
          <mxGeometry x="630" y="270" width="80" height="80" as="geometry" />
        </mxCell>
        <mxCell id="OKLH3iIue3CMdQ7ofGc8-7" style="edgeStyle=orthogonalEdgeStyle;rounded=0;orthogonalLoop=1;jettySize=auto;html=1;exitX=1;exitY=0.5;exitDx=0;exitDy=0;" parent="1" source="OKLH3iIue3CMdQ7ofGc8-8" target="OKLH3iIue3CMdQ7ofGc8-12" edge="1">
          <mxGeometry relative="1" as="geometry" />
        </mxCell>
        <mxCell id="OKLH3iIue3CMdQ7ofGc8-8" value=":IT" style="whiteSpace=wrap;html=1;aspect=fixed;" parent="1" vertex="1">
          <mxGeometry x="630" y="430" width="80" height="80" as="geometry" />
        </mxCell>
        <mxCell id="OKLH3iIue3CMdQ7ofGc8-9" style="edgeStyle=orthogonalEdgeStyle;rounded=0;orthogonalLoop=1;jettySize=auto;html=1;exitX=1;exitY=0.5;exitDx=0;exitDy=0;entryX=0;entryY=0.5;entryDx=0;entryDy=0;" parent="1" source="OKLH3iIue3CMdQ7ofGc8-10" target="OKLH3iIue3CMdQ7ofGc8-14" edge="1">
          <mxGeometry relative="1" as="geometry" />
        </mxCell>
        <mxCell id="OKLH3iIue3CMdQ7ofGc8-10" value=":Home" style="whiteSpace=wrap;html=1;aspect=fixed;" parent="1" vertex="1">
          <mxGeometry x="930" y="270" width="80" height="80" as="geometry" />
        </mxCell>
        <mxCell id="OKLH3iIue3CMdQ7ofGc8-11" style="edgeStyle=orthogonalEdgeStyle;rounded=0;orthogonalLoop=1;jettySize=auto;html=1;exitX=1;exitY=0.5;exitDx=0;exitDy=0;entryX=0;entryY=0.5;entryDx=0;entryDy=0;" parent="1" source="OKLH3iIue3CMdQ7ofGc8-12" target="OKLH3iIue3CMdQ7ofGc8-16" edge="1">
          <mxGeometry relative="1" as="geometry" />
        </mxCell>
        <mxCell id="OKLH3iIue3CMdQ7ofGc8-12" value=":Home" style="whiteSpace=wrap;html=1;aspect=fixed;" parent="1" vertex="1">
          <mxGeometry x="930" y="430" width="80" height="80" as="geometry" />
        </mxCell>
        <mxCell id="OKLH3iIue3CMdQ7ofGc8-13" style="edgeStyle=orthogonalEdgeStyle;rounded=0;orthogonalLoop=1;jettySize=auto;html=1;exitX=1;exitY=0.75;exitDx=0;exitDy=0;entryX=1;entryY=0.75;entryDx=0;entryDy=0;" parent="1" source="OKLH3iIue3CMdQ7ofGc8-14" target="OKLH3iIue3CMdQ7ofGc8-19" edge="1">
          <mxGeometry relative="1" as="geometry">
            <Array as="points">
              <mxPoint x="1360" y="330" />
              <mxPoint x="1360" y="680" />
            </Array>
          </mxGeometry>
        </mxCell>
        <mxCell id="OKLH3iIue3CMdQ7ofGc8-14" value=":Issue table" style="whiteSpace=wrap;html=1;aspect=fixed;" parent="1" vertex="1">
          <mxGeometry x="1220" y="270" width="80" height="80" as="geometry" />
        </mxCell>
        <mxCell id="OKLH3iIue3CMdQ7ofGc8-15" style="edgeStyle=orthogonalEdgeStyle;rounded=0;orthogonalLoop=1;jettySize=auto;html=1;exitX=1;exitY=0.75;exitDx=0;exitDy=0;entryX=1;entryY=0.25;entryDx=0;entryDy=0;" parent="1" source="OKLH3iIue3CMdQ7ofGc8-16" target="OKLH3iIue3CMdQ7ofGc8-19" edge="1">
          <mxGeometry relative="1" as="geometry" />
        </mxCell>
        <mxCell id="OKLH3iIue3CMdQ7ofGc8-16" value=":Issue table" style="whiteSpace=wrap;html=1;aspect=fixed;" parent="1" vertex="1">
          <mxGeometry x="1220" y="430" width="80" height="80" as="geometry" />
        </mxCell>
        <mxCell id="OKLH3iIue3CMdQ7ofGc8-17" style="edgeStyle=orthogonalEdgeStyle;rounded=0;orthogonalLoop=1;jettySize=auto;html=1;exitX=0.25;exitY=0;exitDx=0;exitDy=0;entryX=0.5;entryY=1;entryDx=0;entryDy=0;" parent="1" source="OKLH3iIue3CMdQ7ofGc8-19" target="OKLH3iIue3CMdQ7ofGc8-8" edge="1">
          <mxGeometry relative="1" as="geometry" />
        </mxCell>
        <mxCell id="OKLH3iIue3CMdQ7ofGc8-18" style="edgeStyle=orthogonalEdgeStyle;rounded=0;orthogonalLoop=1;jettySize=auto;html=1;exitX=0;exitY=0.25;exitDx=0;exitDy=0;entryX=0;entryY=0.75;entryDx=0;entryDy=0;" parent="1" source="OKLH3iIue3CMdQ7ofGc8-19" target="OKLH3iIue3CMdQ7ofGc8-6" edge="1">
          <mxGeometry relative="1" as="geometry" />
        </mxCell>
        <mxCell id="OKLH3iIue3CMdQ7ofGc8-19" value=":Database" style="whiteSpace=wrap;html=1;aspect=fixed;" parent="1" vertex="1">
          <mxGeometry x="820" y="620" width="80" height="80" as="geometry" />
        </mxCell>
        <mxCell id="OKLH3iIue3CMdQ7ofGc8-20" value="Enter Credentials" style="text;html=1;align=center;verticalAlign=middle;resizable=0;points=[];autosize=1;strokeColor=none;fillColor=none;" parent="1" vertex="1">
          <mxGeometry x="180" y="365" width="110" height="30" as="geometry" />
        </mxCell>
        <mxCell id="OKLH3iIue3CMdQ7ofGc8-21" value="Authenticate" style="text;html=1;align=center;verticalAlign=middle;resizable=0;points=[];autosize=1;strokeColor=none;fillColor=none;" parent="1" vertex="1">
          <mxGeometry x="445" y="355" width="90" height="30" as="geometry" />
        </mxCell>
        <mxCell id="OKLH3iIue3CMdQ7ofGc8-22" value="Rediracte" style="text;html=1;align=center;verticalAlign=middle;resizable=0;points=[];autosize=1;strokeColor=none;fillColor=none;" parent="1" vertex="1">
          <mxGeometry x="630" y="610" width="70" height="30" as="geometry" />
        </mxCell>
        <mxCell id="OKLH3iIue3CMdQ7ofGc8-23" value="Rediracte" style="text;html=1;align=center;verticalAlign=middle;resizable=0;points=[];autosize=1;strokeColor=none;fillColor=none;" parent="1" vertex="1">
          <mxGeometry x="720" y="535" width="70" height="30" as="geometry" />
        </mxCell>
        <mxCell id="OKLH3iIue3CMdQ7ofGc8-24" value="Rediracte" style="text;html=1;align=center;verticalAlign=middle;resizable=0;points=[];autosize=1;strokeColor=none;fillColor=none;" parent="1" vertex="1">
          <mxGeometry x="760" y="440" width="70" height="30" as="geometry" />
        </mxCell>
        <mxCell id="OKLH3iIue3CMdQ7ofGc8-25" value="Rediracte" style="text;html=1;align=center;verticalAlign=middle;resizable=0;points=[];autosize=1;strokeColor=none;fillColor=none;" parent="1" vertex="1">
          <mxGeometry x="750" y="280" width="70" height="30" as="geometry" />
        </mxCell>
        <mxCell id="OKLH3iIue3CMdQ7ofGc8-26" value="SubmitAnISsue" style="text;html=1;align=center;verticalAlign=middle;resizable=0;points=[];autosize=1;strokeColor=none;fillColor=none;" parent="1" vertex="1">
          <mxGeometry x="1050" y="440" width="100" height="30" as="geometry" />
        </mxCell>
        <mxCell id="OKLH3iIue3CMdQ7ofGc8-27" value="SubmitAnISsue" style="text;html=1;align=center;verticalAlign=middle;resizable=0;points=[];autosize=1;strokeColor=none;fillColor=none;" parent="1" vertex="1">
          <mxGeometry x="1060" y="280" width="100" height="30" as="geometry" />
        </mxCell>
        <mxCell id="OKLH3iIue3CMdQ7ofGc8-28" value="Update" style="text;html=1;align=center;verticalAlign=middle;resizable=0;points=[];autosize=1;strokeColor=none;fillColor=none;" parent="1" vertex="1">
          <mxGeometry x="1050" y="605" width="60" height="30" as="geometry" />
        </mxCell>
        <mxCell id="OKLH3iIue3CMdQ7ofGc8-29" value="Update" style="text;html=1;align=center;verticalAlign=middle;resizable=0;points=[];autosize=1;strokeColor=none;fillColor=none;" parent="1" vertex="1">
          <mxGeometry x="1050" y="645" width="60" height="30" as="geometry" />
        </mxCell>
      </root>
    </mxGraphModel>
  </diagram>
</mxfile>
