<mxfile host="app.diagrams.net" modified="2023-01-27T00:10:41.279Z" agent="5.0 (Windows NT 10.0; Win64; x64) AppleWebKit/537.36 (KHTML, like Gecko) Chrome/107.0.0.0 Safari/537.36 OPR/93.0.0.0" etag="hCw4tgrSuMnqMjrYlF8y" version="20.8.12" type="github">
  <diagram name="Page-1" id="QvBSMGSjHXbJOPN2yNjK">
    <mxGraphModel dx="1009" dy="542" grid="1" gridSize="10" guides="1" tooltips="1" connect="1" arrows="1" fold="1" page="1" pageScale="1" pageWidth="850" pageHeight="1100" math="0" shadow="0">
      <root>
        <mxCell id="0" />
        <mxCell id="1" parent="0" />
        <mxCell id="9JPDs2czSoYKdjhMcHsr-8" style="edgeStyle=orthogonalEdgeStyle;rounded=0;orthogonalLoop=1;jettySize=auto;html=1;exitX=1;exitY=0.25;exitDx=0;exitDy=0;entryX=0;entryY=0.25;entryDx=0;entryDy=0;" parent="1" source="9JPDs2czSoYKdjhMcHsr-1" target="9JPDs2czSoYKdjhMcHsr-2" edge="1">
          <mxGeometry relative="1" as="geometry" />
        </mxCell>
        <mxCell id="9JPDs2czSoYKdjhMcHsr-1" value=":User" style="whiteSpace=wrap;html=1;aspect=fixed;" parent="1" vertex="1">
          <mxGeometry x="30" y="220" width="80" height="80" as="geometry" />
        </mxCell>
        <mxCell id="9JPDs2czSoYKdjhMcHsr-9" style="edgeStyle=orthogonalEdgeStyle;rounded=0;orthogonalLoop=1;jettySize=auto;html=1;exitX=1;exitY=0.25;exitDx=0;exitDy=0;entryX=0;entryY=0.25;entryDx=0;entryDy=0;" parent="1" source="9JPDs2czSoYKdjhMcHsr-2" target="9JPDs2czSoYKdjhMcHsr-7" edge="1">
          <mxGeometry relative="1" as="geometry" />
        </mxCell>
        <mxCell id="9JPDs2czSoYKdjhMcHsr-2" value=":LogIn" style="whiteSpace=wrap;html=1;aspect=fixed;" parent="1" vertex="1">
          <mxGeometry x="300" y="220" width="80" height="80" as="geometry" />
        </mxCell>
        <mxCell id="9JPDs2czSoYKdjhMcHsr-18" style="edgeStyle=orthogonalEdgeStyle;rounded=0;orthogonalLoop=1;jettySize=auto;html=1;exitX=0.5;exitY=0;exitDx=0;exitDy=0;dashed=1;dashPattern=8 8;" parent="1" source="9JPDs2czSoYKdjhMcHsr-3" target="9JPDs2czSoYKdjhMcHsr-1" edge="1">
          <mxGeometry relative="1" as="geometry">
            <Array as="points">
              <mxPoint x="710" y="100" />
              <mxPoint x="70" y="100" />
            </Array>
          </mxGeometry>
        </mxCell>
        <mxCell id="9JPDs2czSoYKdjhMcHsr-3" value=":Admin&amp;nbsp; Dashboard" style="whiteSpace=wrap;html=1;aspect=fixed;" parent="1" vertex="1">
          <mxGeometry x="670" y="140" width="80" height="80" as="geometry" />
        </mxCell>
        <mxCell id="9JPDs2czSoYKdjhMcHsr-19" style="edgeStyle=orthogonalEdgeStyle;rounded=0;orthogonalLoop=1;jettySize=auto;html=1;exitX=0.5;exitY=1;exitDx=0;exitDy=0;entryX=0.5;entryY=1;entryDx=0;entryDy=0;dashed=1;dashPattern=8 8;" parent="1" source="9JPDs2czSoYKdjhMcHsr-4" target="9JPDs2czSoYKdjhMcHsr-1" edge="1">
          <mxGeometry relative="1" as="geometry" />
        </mxCell>
        <mxCell id="9JPDs2czSoYKdjhMcHsr-4" value=":User Home Page" style="whiteSpace=wrap;html=1;aspect=fixed;" parent="1" vertex="1">
          <mxGeometry x="670" y="300" width="80" height="80" as="geometry" />
        </mxCell>
        <mxCell id="9JPDs2czSoYKdjhMcHsr-10" style="edgeStyle=orthogonalEdgeStyle;rounded=0;orthogonalLoop=1;jettySize=auto;html=1;exitX=1;exitY=0.25;exitDx=0;exitDy=0;entryX=0;entryY=0.25;entryDx=0;entryDy=0;" parent="1" source="9JPDs2czSoYKdjhMcHsr-7" target="9JPDs2czSoYKdjhMcHsr-3" edge="1">
          <mxGeometry relative="1" as="geometry" />
        </mxCell>
        <mxCell id="9JPDs2czSoYKdjhMcHsr-11" style="edgeStyle=orthogonalEdgeStyle;rounded=0;orthogonalLoop=1;jettySize=auto;html=1;exitX=1;exitY=0.75;exitDx=0;exitDy=0;entryX=0;entryY=0.75;entryDx=0;entryDy=0;" parent="1" source="9JPDs2czSoYKdjhMcHsr-7" target="9JPDs2czSoYKdjhMcHsr-4" edge="1">
          <mxGeometry relative="1" as="geometry" />
        </mxCell>
        <mxCell id="9JPDs2czSoYKdjhMcHsr-7" value=":Database" style="whiteSpace=wrap;html=1;aspect=fixed;" parent="1" vertex="1">
          <mxGeometry x="500" y="220" width="80" height="80" as="geometry" />
        </mxCell>
        <mxCell id="9JPDs2czSoYKdjhMcHsr-20" value="Enter Credential" style="text;html=1;align=center;verticalAlign=middle;resizable=0;points=[];autosize=1;strokeColor=none;fillColor=none;" parent="1" vertex="1">
          <mxGeometry x="140" y="215" width="110" height="30" as="geometry" />
        </mxCell>
        <mxCell id="9JPDs2czSoYKdjhMcHsr-21" value="Authenticate" style="text;html=1;align=center;verticalAlign=middle;resizable=0;points=[];autosize=1;strokeColor=none;fillColor=none;" parent="1" vertex="1">
          <mxGeometry x="380" y="215" width="90" height="30" as="geometry" />
        </mxCell>
        <mxCell id="9JPDs2czSoYKdjhMcHsr-22" value="Redirect" style="text;html=1;align=center;verticalAlign=middle;resizable=0;points=[];autosize=1;strokeColor=none;fillColor=none;rotation=-90;" parent="1" vertex="1">
          <mxGeometry x="575" y="190" width="70" height="30" as="geometry" />
        </mxCell>
        <mxCell id="9JPDs2czSoYKdjhMcHsr-23" value="Redirect" style="text;html=1;align=center;verticalAlign=middle;resizable=0;points=[];autosize=1;strokeColor=none;fillColor=none;rotation=-90;" parent="1" vertex="1">
          <mxGeometry x="575" y="300" width="70" height="30" as="geometry" />
        </mxCell>
        <mxCell id="9JPDs2czSoYKdjhMcHsr-24" value="Show Home Page" style="text;html=1;align=center;verticalAlign=middle;resizable=0;points=[];autosize=1;strokeColor=none;fillColor=none;" parent="1" vertex="1">
          <mxGeometry x="330" y="375" width="120" height="30" as="geometry" />
        </mxCell>
        <mxCell id="9JPDs2czSoYKdjhMcHsr-25" value="Show Admin Dashboard" style="text;html=1;align=center;verticalAlign=middle;resizable=0;points=[];autosize=1;strokeColor=none;fillColor=none;" parent="1" vertex="1">
          <mxGeometry x="315" y="110" width="150" height="30" as="geometry" />
        </mxCell>
      </root>
    </mxGraphModel>
  </diagram>
</mxfile>
