<mxfile host="app.diagrams.net" modified="2023-01-21T18:10:48.031Z" agent="5.0 (Windows NT 10.0; Win64; x64) AppleWebKit/537.36 (KHTML, like Gecko) Chrome/109.0.0.0 Safari/537.36" etag="3qeWgww3E1C1upewJLf-" version="20.8.5" type="github">
  <diagram id="p3mdbbTqv89A0SVfTnug" name="Page-1">
    <mxGraphModel dx="1050" dy="585" grid="1" gridSize="10" guides="1" tooltips="1" connect="1" arrows="1" fold="1" page="1" pageScale="1" pageWidth="850" pageHeight="1100" math="0" shadow="0">
      <root>
        <mxCell id="0" />
        <mxCell id="1" parent="0" />
        <mxCell id="5EetNutlxexAvJs9KY08-33" style="edgeStyle=orthogonalEdgeStyle;curved=1;orthogonalLoop=1;jettySize=auto;html=1;entryX=0.25;entryY=0;entryDx=0;entryDy=0;" parent="1" source="5EetNutlxexAvJs9KY08-1" target="5EetNutlxexAvJs9KY08-28" edge="1">
          <mxGeometry relative="1" as="geometry">
            <Array as="points">
              <mxPoint x="580" y="275" />
              <mxPoint x="580" y="430" />
            </Array>
          </mxGeometry>
        </mxCell>
        <mxCell id="5EetNutlxexAvJs9KY08-35" value="Updated info on items/condition" style="edgeLabel;html=1;align=center;verticalAlign=middle;resizable=0;points=[];rotation=45;" parent="5EetNutlxexAvJs9KY08-33" vertex="1" connectable="0">
          <mxGeometry x="-0.3263" y="-24" relative="1" as="geometry">
            <mxPoint x="-8" y="31" as="offset" />
          </mxGeometry>
        </mxCell>
        <mxCell id="5EetNutlxexAvJs9KY08-54" style="edgeStyle=orthogonalEdgeStyle;orthogonalLoop=1;jettySize=auto;html=1;exitX=1;exitY=0;exitDx=0;exitDy=0;entryX=0.75;entryY=0;entryDx=0;entryDy=0;rounded=0;" parent="1" source="5EetNutlxexAvJs9KY08-1" target="5EetNutlxexAvJs9KY08-36" edge="1">
          <mxGeometry relative="1" as="geometry">
            <Array as="points">
              <mxPoint x="480" y="250" />
              <mxPoint x="480" y="570" />
              <mxPoint x="675" y="570" />
            </Array>
          </mxGeometry>
        </mxCell>
        <mxCell id="5EetNutlxexAvJs9KY08-55" value="Full report of stock" style="edgeLabel;html=1;align=center;verticalAlign=middle;resizable=0;points=[];rotation=90;" parent="5EetNutlxexAvJs9KY08-54" vertex="1" connectable="0">
          <mxGeometry x="0.6256" y="-7" relative="1" as="geometry">
            <mxPoint x="44" y="28" as="offset" />
          </mxGeometry>
        </mxCell>
        <mxCell id="5EetNutlxexAvJs9KY08-1" value="&lt;b&gt;Manage&amp;nbsp;&lt;br&gt;stock&lt;br&gt;&lt;/b&gt;" style="shape=ellipse;html=1;dashed=0;whitespace=wrap;aspect=fixed;perimeter=ellipsePerimeter;fillColor=#e1d5e7;strokeColor=#9673a6;" parent="1" vertex="1">
          <mxGeometry x="390" y="240" width="70" height="70" as="geometry" />
        </mxCell>
        <mxCell id="5EetNutlxexAvJs9KY08-8" style="edgeStyle=orthogonalEdgeStyle;orthogonalLoop=1;jettySize=auto;html=1;entryX=0.5;entryY=1;entryDx=0;entryDy=0;curved=1;" parent="1" source="5EetNutlxexAvJs9KY08-2" target="5EetNutlxexAvJs9KY08-4" edge="1">
          <mxGeometry relative="1" as="geometry">
            <Array as="points">
              <mxPoint x="425" y="490" />
              <mxPoint x="120" y="490" />
            </Array>
          </mxGeometry>
        </mxCell>
        <mxCell id="5EetNutlxexAvJs9KY08-13" value="List with users details" style="edgeLabel;html=1;align=center;verticalAlign=middle;resizable=0;points=[];" parent="5EetNutlxexAvJs9KY08-8" vertex="1" connectable="0">
          <mxGeometry x="0.2385" y="2" relative="1" as="geometry">
            <mxPoint x="35" as="offset" />
          </mxGeometry>
        </mxCell>
        <mxCell id="5EetNutlxexAvJs9KY08-2" value="&lt;b&gt;Manage&lt;br&gt;users&lt;br&gt;&lt;/b&gt;" style="shape=ellipse;html=1;dashed=0;whitespace=wrap;aspect=fixed;perimeter=ellipsePerimeter;fillColor=#e1d5e7;strokeColor=#9673a6;" parent="1" vertex="1">
          <mxGeometry x="390" y="400" width="70" height="70" as="geometry" />
        </mxCell>
        <mxCell id="5EetNutlxexAvJs9KY08-26" style="edgeStyle=orthogonalEdgeStyle;curved=1;orthogonalLoop=1;jettySize=auto;html=1;entryX=0.75;entryY=1;entryDx=0;entryDy=0;" parent="1" source="5EetNutlxexAvJs9KY08-3" target="5EetNutlxexAvJs9KY08-21" edge="1">
          <mxGeometry relative="1" as="geometry">
            <Array as="points">
              <mxPoint x="780" y="605" />
              <mxPoint x="780" y="240" />
            </Array>
          </mxGeometry>
        </mxCell>
        <mxCell id="5EetNutlxexAvJs9KY08-27" value="Receives&amp;nbsp;&lt;br&gt;items/fix" style="edgeLabel;html=1;align=center;verticalAlign=middle;resizable=0;points=[];" parent="5EetNutlxexAvJs9KY08-26" vertex="1" connectable="0">
          <mxGeometry x="0.6278" y="2" relative="1" as="geometry">
            <mxPoint x="-13" y="40" as="offset" />
          </mxGeometry>
        </mxCell>
        <mxCell id="5EetNutlxexAvJs9KY08-47" style="edgeStyle=orthogonalEdgeStyle;orthogonalLoop=1;jettySize=auto;html=1;entryX=0.997;entryY=0.369;entryDx=0;entryDy=0;rounded=0;entryPerimeter=0;" parent="1" source="5EetNutlxexAvJs9KY08-3" target="5EetNutlxexAvJs9KY08-46" edge="1">
          <mxGeometry relative="1" as="geometry">
            <Array as="points">
              <mxPoint x="390" y="688" />
              <mxPoint x="260" y="688" />
            </Array>
          </mxGeometry>
        </mxCell>
        <mxCell id="5EetNutlxexAvJs9KY08-49" value="Fixing or replacing IT" style="edgeLabel;html=1;align=center;verticalAlign=middle;resizable=0;points=[];rotation=0;" parent="5EetNutlxexAvJs9KY08-47" vertex="1" connectable="0">
          <mxGeometry x="0.0927" y="-14" relative="1" as="geometry">
            <mxPoint x="-31" y="11" as="offset" />
          </mxGeometry>
        </mxCell>
        <mxCell id="5EetNutlxexAvJs9KY08-3" value="&lt;b&gt;Manage &lt;br&gt;requests&lt;br&gt;&lt;/b&gt;" style="shape=ellipse;html=1;dashed=0;whitespace=wrap;aspect=fixed;perimeter=ellipsePerimeter;fillColor=#e1d5e7;strokeColor=#9673a6;" parent="1" vertex="1">
          <mxGeometry x="390" y="570" width="70" height="70" as="geometry" />
        </mxCell>
        <mxCell id="5EetNutlxexAvJs9KY08-4" value="&lt;b&gt;HR&lt;/b&gt;" style="html=1;dashed=0;whitespace=wrap;fillColor=#ffe6cc;strokeColor=#d79b00;" parent="1" vertex="1">
          <mxGeometry x="70" y="410" width="100" height="50" as="geometry" />
        </mxCell>
        <mxCell id="5EetNutlxexAvJs9KY08-11" value="" style="endArrow=classic;html=1;curved=1;entryX=0.5;entryY=0;entryDx=0;entryDy=0;" parent="1" target="5EetNutlxexAvJs9KY08-2" edge="1">
          <mxGeometry width="50" height="50" relative="1" as="geometry">
            <mxPoint x="120" y="410" as="sourcePoint" />
            <mxPoint x="170" y="360" as="targetPoint" />
            <Array as="points">
              <mxPoint x="230" y="370" />
            </Array>
          </mxGeometry>
        </mxCell>
        <mxCell id="5EetNutlxexAvJs9KY08-12" value="Add or remove users" style="edgeLabel;html=1;align=center;verticalAlign=middle;resizable=0;points=[];" parent="5EetNutlxexAvJs9KY08-11" vertex="1" connectable="0">
          <mxGeometry x="-0.1929" y="-13" relative="1" as="geometry">
            <mxPoint x="32" y="6" as="offset" />
          </mxGeometry>
        </mxCell>
        <mxCell id="5EetNutlxexAvJs9KY08-15" value="" style="endArrow=classic;html=1;entryX=0;entryY=0.5;entryDx=0;entryDy=0;rounded=0;" parent="1" target="5EetNutlxexAvJs9KY08-1" edge="1">
          <mxGeometry width="50" height="50" relative="1" as="geometry">
            <mxPoint x="120" y="410" as="sourcePoint" />
            <mxPoint x="170" y="360" as="targetPoint" />
            <Array as="points">
              <mxPoint x="120" y="275" />
            </Array>
          </mxGeometry>
        </mxCell>
        <mxCell id="5EetNutlxexAvJs9KY08-16" value="Add or remove from stock" style="edgeLabel;html=1;align=center;verticalAlign=middle;resizable=0;points=[];rotation=0;" parent="5EetNutlxexAvJs9KY08-15" vertex="1" connectable="0">
          <mxGeometry x="0.0493" y="-31" relative="1" as="geometry">
            <mxPoint x="63" y="-26" as="offset" />
          </mxGeometry>
        </mxCell>
        <mxCell id="5EetNutlxexAvJs9KY08-18" value="" style="endArrow=classic;html=1;exitX=0.033;exitY=0.3;exitDx=0;exitDy=0;exitPerimeter=0;entryX=0.25;entryY=0;entryDx=0;entryDy=0;rounded=0;" parent="1" edge="1">
          <mxGeometry width="50" height="50" relative="1" as="geometry">
            <mxPoint x="389.99999999999994" y="261.0000000000001" as="sourcePoint" />
            <mxPoint x="92.69" y="410" as="targetPoint" />
            <Array as="points">
              <mxPoint x="92.69" y="260" />
            </Array>
          </mxGeometry>
        </mxCell>
        <mxCell id="5EetNutlxexAvJs9KY08-19" value="All info about items" style="edgeLabel;html=1;align=center;verticalAlign=middle;resizable=0;points=[];rotation=0;" parent="5EetNutlxexAvJs9KY08-18" vertex="1" connectable="0">
          <mxGeometry x="-0.2607" y="42" relative="1" as="geometry">
            <mxPoint x="-64" y="-42" as="offset" />
          </mxGeometry>
        </mxCell>
        <mxCell id="5EetNutlxexAvJs9KY08-37" style="edgeStyle=orthogonalEdgeStyle;orthogonalLoop=1;jettySize=auto;html=1;rounded=1;entryX=0;entryY=0.5;entryDx=0;entryDy=0;" parent="1" source="5EetNutlxexAvJs9KY08-20" target="5EetNutlxexAvJs9KY08-3" edge="1">
          <mxGeometry relative="1" as="geometry">
            <mxPoint x="30" y="135" as="targetPoint" />
            <Array as="points">
              <mxPoint x="30" y="135" />
              <mxPoint x="30" y="605" />
            </Array>
          </mxGeometry>
        </mxCell>
        <mxCell id="5EetNutlxexAvJs9KY08-20" value="&lt;b&gt;Request&amp;nbsp;&lt;br&gt;Receiving&lt;br&gt;&lt;/b&gt;" style="shape=ellipse;html=1;dashed=0;whitespace=wrap;aspect=fixed;perimeter=ellipsePerimeter;fillColor=#e1d5e7;strokeColor=#9673a6;" parent="1" vertex="1">
          <mxGeometry x="390" y="100" width="70" height="70" as="geometry" />
        </mxCell>
        <mxCell id="5EetNutlxexAvJs9KY08-23" style="edgeStyle=orthogonalEdgeStyle;curved=1;orthogonalLoop=1;jettySize=auto;html=1;entryX=0.5;entryY=1;entryDx=0;entryDy=0;" parent="1" source="5EetNutlxexAvJs9KY08-21" target="5EetNutlxexAvJs9KY08-20" edge="1">
          <mxGeometry relative="1" as="geometry" />
        </mxCell>
        <mxCell id="5EetNutlxexAvJs9KY08-21" value="&lt;b&gt;User&lt;/b&gt;" style="html=1;dashed=0;whitespace=wrap;fillColor=#ffe6cc;strokeColor=#d79b00;" parent="1" vertex="1">
          <mxGeometry x="610" y="190" width="100" height="50" as="geometry" />
        </mxCell>
        <mxCell id="5EetNutlxexAvJs9KY08-31" style="edgeStyle=orthogonalEdgeStyle;curved=1;orthogonalLoop=1;jettySize=auto;html=1;entryX=0.5;entryY=1;entryDx=0;entryDy=0;" parent="1" source="5EetNutlxexAvJs9KY08-28" target="5EetNutlxexAvJs9KY08-1" edge="1">
          <mxGeometry relative="1" as="geometry" />
        </mxCell>
        <mxCell id="5EetNutlxexAvJs9KY08-32" value="Can look at the stock" style="edgeLabel;html=1;align=center;verticalAlign=middle;resizable=0;points=[];rotation=25;" parent="5EetNutlxexAvJs9KY08-31" vertex="1" connectable="0">
          <mxGeometry x="-0.3862" y="-19" relative="1" as="geometry">
            <mxPoint x="8" y="-1" as="offset" />
          </mxGeometry>
        </mxCell>
        <mxCell id="5EetNutlxexAvJs9KY08-28" value="&lt;b&gt;Finance&lt;/b&gt;" style="html=1;dashed=0;whitespace=wrap;fillColor=#ffe6cc;strokeColor=#d79b00;" parent="1" vertex="1">
          <mxGeometry x="600" y="430" width="100" height="50" as="geometry" />
        </mxCell>
        <mxCell id="5EetNutlxexAvJs9KY08-52" style="edgeStyle=orthogonalEdgeStyle;orthogonalLoop=1;jettySize=auto;html=1;entryX=1;entryY=1;entryDx=0;entryDy=0;rounded=0;" parent="1" source="5EetNutlxexAvJs9KY08-36" target="5EetNutlxexAvJs9KY08-1" edge="1">
          <mxGeometry relative="1" as="geometry">
            <Array as="points">
              <mxPoint x="650" y="560" />
              <mxPoint x="490" y="560" />
              <mxPoint x="490" y="300" />
            </Array>
          </mxGeometry>
        </mxCell>
        <mxCell id="5EetNutlxexAvJs9KY08-53" value="Adds/removes from stock" style="edgeLabel;html=1;align=center;verticalAlign=middle;resizable=0;points=[];rotation=0;" parent="5EetNutlxexAvJs9KY08-52" vertex="1" connectable="0">
          <mxGeometry x="-0.1628" y="1" relative="1" as="geometry">
            <mxPoint x="45" y="-1" as="offset" />
          </mxGeometry>
        </mxCell>
        <mxCell id="5EetNutlxexAvJs9KY08-36" value="&lt;b&gt;Services&lt;/b&gt;" style="html=1;dashed=0;whitespace=wrap;fillColor=#ffe6cc;strokeColor=#d79b00;" parent="1" vertex="1">
          <mxGeometry x="600" y="660" width="100" height="50" as="geometry" />
        </mxCell>
        <mxCell id="5EetNutlxexAvJs9KY08-43" value="" style="endArrow=classic;html=1;exitX=0.5;exitY=1;exitDx=0;exitDy=0;entryX=0;entryY=0.5;entryDx=0;entryDy=0;rounded=0;" parent="1" target="5EetNutlxexAvJs9KY08-36" edge="1">
          <mxGeometry width="50" height="50" relative="1" as="geometry">
            <mxPoint x="440" y="640" as="sourcePoint" />
            <mxPoint x="620" y="655" as="targetPoint" />
            <Array as="points">
              <mxPoint x="440" y="680" />
            </Array>
          </mxGeometry>
        </mxCell>
        <mxCell id="5EetNutlxexAvJs9KY08-44" value="Fixing or replacing requests" style="edgeLabel;html=1;align=center;verticalAlign=middle;resizable=0;points=[];rotation=0;" parent="5EetNutlxexAvJs9KY08-43" vertex="1" connectable="0">
          <mxGeometry x="0.0822" y="-15" relative="1" as="geometry">
            <mxPoint x="2" y="-12" as="offset" />
          </mxGeometry>
        </mxCell>
        <mxCell id="5EetNutlxexAvJs9KY08-46" value="&lt;b&gt;IT&lt;/b&gt;" style="html=1;dashed=0;whitespace=wrap;fillColor=#ffe6cc;strokeColor=#d79b00;" parent="1" vertex="1">
          <mxGeometry x="150" y="670" width="100" height="50" as="geometry" />
        </mxCell>
        <mxCell id="5EetNutlxexAvJs9KY08-57" value="" style="endArrow=classic;html=1;entryX=0.5;entryY=0;entryDx=0;entryDy=0;rounded=0;" parent="1" source="5EetNutlxexAvJs9KY08-1" edge="1">
          <mxGeometry width="50" height="50" relative="1" as="geometry">
            <mxPoint x="410" y="300" as="sourcePoint" />
            <mxPoint x="210" y="670" as="targetPoint" />
            <Array as="points" />
          </mxGeometry>
        </mxCell>
        <mxCell id="5EetNutlxexAvJs9KY08-58" value="Full report of stock" style="edgeLabel;html=1;align=center;verticalAlign=middle;resizable=0;points=[];rotation=-60;" parent="5EetNutlxexAvJs9KY08-57" vertex="1" connectable="0">
          <mxGeometry x="0.5612" y="-3" relative="1" as="geometry">
            <mxPoint x="11" y="-19" as="offset" />
          </mxGeometry>
        </mxCell>
        <mxCell id="5EetNutlxexAvJs9KY08-60" value="" style="endArrow=classic;html=1;curved=1;exitX=0.25;exitY=0;exitDx=0;exitDy=0;entryX=0.039;entryY=0.698;entryDx=0;entryDy=0;entryPerimeter=0;" parent="1" source="5EetNutlxexAvJs9KY08-46" target="5EetNutlxexAvJs9KY08-1" edge="1">
          <mxGeometry width="50" height="50" relative="1" as="geometry">
            <mxPoint x="500" y="570" as="sourcePoint" />
            <mxPoint x="550" y="520" as="targetPoint" />
            <Array as="points" />
          </mxGeometry>
        </mxCell>
        <mxCell id="5EetNutlxexAvJs9KY08-61" value="Adds/removes from stock" style="edgeLabel;html=1;align=center;verticalAlign=middle;resizable=0;points=[];rotation=-60;" parent="5EetNutlxexAvJs9KY08-60" vertex="1" connectable="0">
          <mxGeometry x="-0.5774" y="2" relative="1" as="geometry">
            <mxPoint x="-4" y="11" as="offset" />
          </mxGeometry>
        </mxCell>
      </root>
    </mxGraphModel>
  </diagram>
</mxfile>
