<mxfile host="app.diagrams.net" modified="2023-01-21T22:29:07.521Z" agent="5.0 (Windows NT 10.0; Win64; x64) AppleWebKit/537.36 (KHTML, like Gecko) Chrome/109.0.0.0 Safari/537.36" etag="1OiWoQPhPdisWqT2BLb3" version="20.8.5" type="github">
  <diagram id="J8JFVoRwKS9pmcKWz_mY" name="Page-1">
    <mxGraphModel dx="1050" dy="585" grid="1" gridSize="10" guides="1" tooltips="1" connect="1" arrows="1" fold="1" page="1" pageScale="1" pageWidth="850" pageHeight="1100" math="0" shadow="0">
      <root>
        <mxCell id="0" />
        <mxCell id="1" parent="0" />
        <mxCell id="1lM66wuY4Xb7z_h3Wuy2-17" style="edgeStyle=orthogonalEdgeStyle;curved=1;orthogonalLoop=1;jettySize=auto;html=1;exitX=0;exitY=0.75;exitDx=0;exitDy=0;" parent="1" source="1lM66wuY4Xb7z_h3Wuy2-5" edge="1">
          <mxGeometry relative="1" as="geometry">
            <mxPoint x="170" y="440" as="targetPoint" />
            <Array as="points">
              <mxPoint x="375" y="450" />
              <mxPoint x="170" y="450" />
              <mxPoint x="170" y="440" />
            </Array>
          </mxGeometry>
        </mxCell>
        <mxCell id="1lM66wuY4Xb7z_h3Wuy2-18" value="Stock details" style="edgeLabel;html=1;align=center;verticalAlign=middle;resizable=0;points=[];" parent="1lM66wuY4Xb7z_h3Wuy2-17" vertex="1" connectable="0">
          <mxGeometry x="0.216" y="2" relative="1" as="geometry">
            <mxPoint as="offset" />
          </mxGeometry>
        </mxCell>
        <mxCell id="1lM66wuY4Xb7z_h3Wuy2-26" style="edgeStyle=orthogonalEdgeStyle;curved=1;orthogonalLoop=1;jettySize=auto;html=1;entryX=0;entryY=0.5;entryDx=0;entryDy=0;" parent="1" source="1lM66wuY4Xb7z_h3Wuy2-5" target="1lM66wuY4Xb7z_h3Wuy2-10" edge="1">
          <mxGeometry relative="1" as="geometry" />
        </mxCell>
        <mxCell id="1lM66wuY4Xb7z_h3Wuy2-27" value="Receives info about stock" style="edgeLabel;html=1;align=center;verticalAlign=middle;resizable=0;points=[];" parent="1lM66wuY4Xb7z_h3Wuy2-26" vertex="1" connectable="0">
          <mxGeometry x="-0.1567" y="-1" relative="1" as="geometry">
            <mxPoint as="offset" />
          </mxGeometry>
        </mxCell>
        <mxCell id="1lM66wuY4Xb7z_h3Wuy2-5" value="&lt;b&gt;Stock&lt;br&gt;Database&lt;/b&gt;" style="html=1;dashed=0;whitespace=wrap;shape=partialRectangle;right=0;left=0;fillColor=#d5e8d4;strokeColor=#82b366;" parent="1" vertex="1">
          <mxGeometry x="375" y="410" width="100" height="30" as="geometry" />
        </mxCell>
        <mxCell id="1lM66wuY4Xb7z_h3Wuy2-39" style="edgeStyle=orthogonalEdgeStyle;curved=1;orthogonalLoop=1;jettySize=auto;html=1;exitX=0.75;exitY=1;exitDx=0;exitDy=0;entryX=0;entryY=1;entryDx=0;entryDy=0;" parent="1" source="1lM66wuY4Xb7z_h3Wuy2-6" target="1lM66wuY4Xb7z_h3Wuy2-36" edge="1">
          <mxGeometry relative="1" as="geometry" />
        </mxCell>
        <mxCell id="1lM66wuY4Xb7z_h3Wuy2-40" value="Users List" style="edgeLabel;html=1;align=center;verticalAlign=middle;resizable=0;points=[];" parent="1lM66wuY4Xb7z_h3Wuy2-39" vertex="1" connectable="0">
          <mxGeometry x="-0.0762" y="4" relative="1" as="geometry">
            <mxPoint as="offset" />
          </mxGeometry>
        </mxCell>
        <mxCell id="1lM66wuY4Xb7z_h3Wuy2-49" style="edgeStyle=orthogonalEdgeStyle;rounded=0;orthogonalLoop=1;jettySize=auto;html=1;" parent="1" source="1lM66wuY4Xb7z_h3Wuy2-6" target="1lM66wuY4Xb7z_h3Wuy2-19" edge="1">
          <mxGeometry relative="1" as="geometry">
            <Array as="points">
              <mxPoint x="425" y="510" />
              <mxPoint x="710" y="510" />
              <mxPoint x="710" y="215" />
            </Array>
          </mxGeometry>
        </mxCell>
        <mxCell id="1lM66wuY4Xb7z_h3Wuy2-50" value="Lets" style="edgeLabel;html=1;align=center;verticalAlign=middle;resizable=0;points=[];" parent="1lM66wuY4Xb7z_h3Wuy2-49" vertex="1" connectable="0">
          <mxGeometry x="0.7708" y="3" relative="1" as="geometry">
            <mxPoint as="offset" />
          </mxGeometry>
        </mxCell>
        <mxCell id="1lM66wuY4Xb7z_h3Wuy2-6" value="&lt;b&gt;Users&lt;br&gt;Database&lt;/b&gt;" style="html=1;dashed=0;whitespace=wrap;shape=partialRectangle;right=0;left=0;fillColor=#d5e8d4;strokeColor=#82b366;" parent="1" vertex="1">
          <mxGeometry x="375" y="570" width="100" height="30" as="geometry" />
        </mxCell>
        <mxCell id="1lM66wuY4Xb7z_h3Wuy2-53" style="edgeStyle=orthogonalEdgeStyle;rounded=0;orthogonalLoop=1;jettySize=auto;html=1;entryX=0;entryY=0.5;entryDx=0;entryDy=0;" parent="1" source="1lM66wuY4Xb7z_h3Wuy2-9" target="1lM66wuY4Xb7z_h3Wuy2-48" edge="1">
          <mxGeometry relative="1" as="geometry">
            <Array as="points">
              <mxPoint x="425" y="300" />
              <mxPoint x="100" y="300" />
              <mxPoint x="100" y="675" />
            </Array>
          </mxGeometry>
        </mxCell>
        <mxCell id="1lM66wuY4Xb7z_h3Wuy2-55" value="Req sent" style="edgeLabel;html=1;align=center;verticalAlign=middle;resizable=0;points=[];rotation=-90;" parent="1lM66wuY4Xb7z_h3Wuy2-53" vertex="1" connectable="0">
          <mxGeometry x="0.6422" y="-1" relative="1" as="geometry">
            <mxPoint as="offset" />
          </mxGeometry>
        </mxCell>
        <mxCell id="1lM66wuY4Xb7z_h3Wuy2-9" value="&lt;b&gt;Receiving&amp;nbsp;&lt;br&gt;Req Database&lt;/b&gt;" style="html=1;dashed=0;whitespace=wrap;shape=partialRectangle;right=0;left=0;fillColor=#d5e8d4;strokeColor=#82b366;" parent="1" vertex="1">
          <mxGeometry x="375" y="250" width="100" height="30" as="geometry" />
        </mxCell>
        <mxCell id="1lM66wuY4Xb7z_h3Wuy2-13" style="edgeStyle=orthogonalEdgeStyle;orthogonalLoop=1;jettySize=auto;html=1;entryX=1;entryY=0;entryDx=0;entryDy=0;curved=1;" parent="1" source="1lM66wuY4Xb7z_h3Wuy2-10" target="1lM66wuY4Xb7z_h3Wuy2-5" edge="1">
          <mxGeometry relative="1" as="geometry">
            <Array as="points">
              <mxPoint x="810" y="370" />
              <mxPoint x="475" y="370" />
            </Array>
          </mxGeometry>
        </mxCell>
        <mxCell id="1lM66wuY4Xb7z_h3Wuy2-14" value="Item info/details" style="edgeLabel;html=1;align=center;verticalAlign=middle;resizable=0;points=[];" parent="1lM66wuY4Xb7z_h3Wuy2-13" vertex="1" connectable="0">
          <mxGeometry x="0.1763" y="-2" relative="1" as="geometry">
            <mxPoint x="38" y="2" as="offset" />
          </mxGeometry>
        </mxCell>
        <mxCell id="1lM66wuY4Xb7z_h3Wuy2-37" style="edgeStyle=orthogonalEdgeStyle;curved=1;orthogonalLoop=1;jettySize=auto;html=1;entryX=1;entryY=0.25;entryDx=0;entryDy=0;" parent="1" edge="1">
          <mxGeometry relative="1" as="geometry">
            <mxPoint x="805" y="442.5" as="sourcePoint" />
            <mxPoint x="470" y="570" as="targetPoint" />
            <Array as="points">
              <mxPoint x="805" y="542.5" />
              <mxPoint x="470" y="542.5" />
            </Array>
          </mxGeometry>
        </mxCell>
        <mxCell id="1lM66wuY4Xb7z_h3Wuy2-38" value="User details" style="edgeLabel;html=1;align=center;verticalAlign=middle;resizable=0;points=[];rotation=-15;" parent="1lM66wuY4Xb7z_h3Wuy2-37" vertex="1" connectable="0">
          <mxGeometry x="-0.2476" y="3" relative="1" as="geometry">
            <mxPoint x="-11" y="-15" as="offset" />
          </mxGeometry>
        </mxCell>
        <mxCell id="1lM66wuY4Xb7z_h3Wuy2-10" value="&lt;b&gt;HR&lt;/b&gt;" style="html=1;dashed=0;whitespace=wrap;fillColor=#ffe6cc;strokeColor=#d79b00;" parent="1" vertex="1">
          <mxGeometry x="760" y="400" width="100" height="50" as="geometry" />
        </mxCell>
        <mxCell id="1lM66wuY4Xb7z_h3Wuy2-15" style="edgeStyle=orthogonalEdgeStyle;curved=1;orthogonalLoop=1;jettySize=auto;html=1;entryX=0;entryY=0.25;entryDx=0;entryDy=0;exitX=1;exitY=0;exitDx=0;exitDy=0;" parent="1" source="1lM66wuY4Xb7z_h3Wuy2-11" target="1lM66wuY4Xb7z_h3Wuy2-5" edge="1">
          <mxGeometry relative="1" as="geometry">
            <Array as="points">
              <mxPoint x="170" y="380" />
              <mxPoint x="375" y="380" />
            </Array>
          </mxGeometry>
        </mxCell>
        <mxCell id="1lM66wuY4Xb7z_h3Wuy2-16" value="Stock list" style="edgeLabel;html=1;align=center;verticalAlign=middle;resizable=0;points=[];" parent="1lM66wuY4Xb7z_h3Wuy2-15" vertex="1" connectable="0">
          <mxGeometry x="-0.2987" y="-5" relative="1" as="geometry">
            <mxPoint y="-5" as="offset" />
          </mxGeometry>
        </mxCell>
        <mxCell id="1lM66wuY4Xb7z_h3Wuy2-28" style="edgeStyle=orthogonalEdgeStyle;curved=1;orthogonalLoop=1;jettySize=auto;html=1;entryX=0;entryY=0.5;entryDx=0;entryDy=0;" parent="1" source="1lM66wuY4Xb7z_h3Wuy2-11" target="1lM66wuY4Xb7z_h3Wuy2-5" edge="1">
          <mxGeometry relative="1" as="geometry" />
        </mxCell>
        <mxCell id="1lM66wuY4Xb7z_h3Wuy2-30" value="Adds/removes items" style="edgeLabel;html=1;align=center;verticalAlign=middle;resizable=0;points=[];rotation=5;" parent="1lM66wuY4Xb7z_h3Wuy2-28" vertex="1" connectable="0">
          <mxGeometry x="-0.1772" y="-1" relative="1" as="geometry">
            <mxPoint y="-1" as="offset" />
          </mxGeometry>
        </mxCell>
        <mxCell id="1lM66wuY4Xb7z_h3Wuy2-46" style="edgeStyle=orthogonalEdgeStyle;rounded=0;orthogonalLoop=1;jettySize=auto;html=1;entryX=0.5;entryY=1;entryDx=0;entryDy=0;" parent="1" source="1lM66wuY4Xb7z_h3Wuy2-11" target="1lM66wuY4Xb7z_h3Wuy2-10" edge="1">
          <mxGeometry relative="1" as="geometry">
            <mxPoint x="145" y="490" as="targetPoint" />
            <Array as="points">
              <mxPoint x="145" y="500" />
              <mxPoint x="810" y="500" />
            </Array>
          </mxGeometry>
        </mxCell>
        <mxCell id="1lM66wuY4Xb7z_h3Wuy2-47" value="Stock detail" style="edgeLabel;html=1;align=center;verticalAlign=middle;resizable=0;points=[];" parent="1lM66wuY4Xb7z_h3Wuy2-46" vertex="1" connectable="0">
          <mxGeometry x="-0.2392" relative="1" as="geometry">
            <mxPoint as="offset" />
          </mxGeometry>
        </mxCell>
        <mxCell id="1lM66wuY4Xb7z_h3Wuy2-68" style="edgeStyle=orthogonalEdgeStyle;rounded=0;orthogonalLoop=1;jettySize=auto;html=1;exitX=0;exitY=1;exitDx=0;exitDy=0;entryX=0.5;entryY=0;entryDx=0;entryDy=0;" parent="1" source="1lM66wuY4Xb7z_h3Wuy2-11" target="1lM66wuY4Xb7z_h3Wuy2-60" edge="1">
          <mxGeometry relative="1" as="geometry">
            <mxPoint x="360" y="670" as="targetPoint" />
            <Array as="points">
              <mxPoint x="120" y="560" />
              <mxPoint x="360" y="560" />
            </Array>
          </mxGeometry>
        </mxCell>
        <mxCell id="1lM66wuY4Xb7z_h3Wuy2-69" value="Full report of stock" style="edgeLabel;html=1;align=center;verticalAlign=middle;resizable=0;points=[];rotation=-90;" parent="1lM66wuY4Xb7z_h3Wuy2-68" vertex="1" connectable="0">
          <mxGeometry x="0.7351" y="1" relative="1" as="geometry">
            <mxPoint x="-1" y="-40" as="offset" />
          </mxGeometry>
        </mxCell>
        <mxCell id="1lM66wuY4Xb7z_h3Wuy2-72" style="edgeStyle=orthogonalEdgeStyle;rounded=0;orthogonalLoop=1;jettySize=auto;html=1;entryX=1;entryY=0.5;entryDx=0;entryDy=0;" parent="1" source="1lM66wuY4Xb7z_h3Wuy2-11" target="1lM66wuY4Xb7z_h3Wuy2-61" edge="1">
          <mxGeometry relative="1" as="geometry">
            <mxPoint x="570" y="440" as="targetPoint" />
            <Array as="points">
              <mxPoint x="145" y="330" />
              <mxPoint x="1000" y="330" />
              <mxPoint x="1000" y="755" />
            </Array>
          </mxGeometry>
        </mxCell>
        <mxCell id="1lM66wuY4Xb7z_h3Wuy2-73" value="Full report of stock&lt;br&gt;" style="edgeLabel;html=1;align=center;verticalAlign=middle;resizable=0;points=[];rotation=90;" parent="1lM66wuY4Xb7z_h3Wuy2-72" vertex="1" connectable="0">
          <mxGeometry x="0.5944" y="3" relative="1" as="geometry">
            <mxPoint y="-2" as="offset" />
          </mxGeometry>
        </mxCell>
        <mxCell id="1lM66wuY4Xb7z_h3Wuy2-11" value="&lt;b&gt;Manage&lt;br&gt;stock&lt;br&gt;&lt;/b&gt;" style="shape=ellipse;html=1;dashed=0;whitespace=wrap;aspect=fixed;perimeter=ellipsePerimeter;fillColor=#e1d5e7;strokeColor=#9673a6;" parent="1" vertex="1">
          <mxGeometry x="110" y="380" width="70" height="70" as="geometry" />
        </mxCell>
        <mxCell id="1lM66wuY4Xb7z_h3Wuy2-21" style="edgeStyle=orthogonalEdgeStyle;curved=1;orthogonalLoop=1;jettySize=auto;html=1;entryX=0.5;entryY=0;entryDx=0;entryDy=0;" parent="1" source="1lM66wuY4Xb7z_h3Wuy2-19" target="1lM66wuY4Xb7z_h3Wuy2-20" edge="1">
          <mxGeometry relative="1" as="geometry">
            <Array as="points">
              <mxPoint x="770" y="140" />
              <mxPoint x="215" y="140" />
            </Array>
          </mxGeometry>
        </mxCell>
        <mxCell id="1lM66wuY4Xb7z_h3Wuy2-23" value="Makes Request" style="edgeLabel;html=1;align=center;verticalAlign=middle;resizable=0;points=[];" parent="1lM66wuY4Xb7z_h3Wuy2-21" vertex="1" connectable="0">
          <mxGeometry x="0.0555" y="3" relative="1" as="geometry">
            <mxPoint as="offset" />
          </mxGeometry>
        </mxCell>
        <mxCell id="1lM66wuY4Xb7z_h3Wuy2-19" value="&lt;b&gt;User&lt;/b&gt;" style="html=1;dashed=0;whitespace=wrap;fillColor=#ffe6cc;strokeColor=#d79b00;" parent="1" vertex="1">
          <mxGeometry x="720" y="190" width="100" height="50" as="geometry" />
        </mxCell>
        <mxCell id="1lM66wuY4Xb7z_h3Wuy2-24" style="edgeStyle=orthogonalEdgeStyle;curved=1;orthogonalLoop=1;jettySize=auto;html=1;entryX=0;entryY=0.5;entryDx=0;entryDy=0;" parent="1" source="1lM66wuY4Xb7z_h3Wuy2-20" target="1lM66wuY4Xb7z_h3Wuy2-9" edge="1">
          <mxGeometry relative="1" as="geometry" />
        </mxCell>
        <mxCell id="1lM66wuY4Xb7z_h3Wuy2-25" value="Request Info" style="edgeLabel;html=1;align=center;verticalAlign=middle;resizable=0;points=[];rotation=30;" parent="1lM66wuY4Xb7z_h3Wuy2-24" vertex="1" connectable="0">
          <mxGeometry x="-0.1071" y="-1" relative="1" as="geometry">
            <mxPoint y="4" as="offset" />
          </mxGeometry>
        </mxCell>
        <mxCell id="1lM66wuY4Xb7z_h3Wuy2-20" value="&lt;b&gt;Receiving&amp;nbsp;&lt;br&gt;requests&lt;br&gt;&lt;/b&gt;" style="shape=ellipse;html=1;dashed=0;whitespace=wrap;aspect=fixed;perimeter=ellipsePerimeter;fillColor=#e1d5e7;strokeColor=#9673a6;" parent="1" vertex="1">
          <mxGeometry x="180" y="190" width="70" height="70" as="geometry" />
        </mxCell>
        <mxCell id="1lM66wuY4Xb7z_h3Wuy2-41" style="edgeStyle=orthogonalEdgeStyle;curved=1;orthogonalLoop=1;jettySize=auto;html=1;entryX=0.75;entryY=1;entryDx=0;entryDy=0;" parent="1" source="1lM66wuY4Xb7z_h3Wuy2-36" target="1lM66wuY4Xb7z_h3Wuy2-10" edge="1">
          <mxGeometry relative="1" as="geometry" />
        </mxCell>
        <mxCell id="1lM66wuY4Xb7z_h3Wuy2-42" value="Users List" style="edgeLabel;html=1;align=center;verticalAlign=middle;resizable=0;points=[];rotation=-60;" parent="1lM66wuY4Xb7z_h3Wuy2-41" vertex="1" connectable="0">
          <mxGeometry x="-0.3935" y="-3" relative="1" as="geometry">
            <mxPoint as="offset" />
          </mxGeometry>
        </mxCell>
        <mxCell id="1lM66wuY4Xb7z_h3Wuy2-36" value="&lt;b&gt;Manage&lt;br&gt;Users&lt;br&gt;&lt;/b&gt;" style="shape=ellipse;html=1;dashed=0;whitespace=wrap;aspect=fixed;perimeter=ellipsePerimeter;fillColor=#e1d5e7;strokeColor=#9673a6;" parent="1" vertex="1">
          <mxGeometry x="775" y="580" width="70" height="70" as="geometry" />
        </mxCell>
        <mxCell id="1lM66wuY4Xb7z_h3Wuy2-58" style="edgeStyle=orthogonalEdgeStyle;rounded=0;orthogonalLoop=1;jettySize=auto;html=1;entryX=1;entryY=0.5;entryDx=0;entryDy=0;" parent="1" source="1lM66wuY4Xb7z_h3Wuy2-48" target="1lM66wuY4Xb7z_h3Wuy2-19" edge="1">
          <mxGeometry relative="1" as="geometry">
            <mxPoint x="720" y="690" as="targetPoint" />
            <Array as="points">
              <mxPoint x="900" y="675" />
              <mxPoint x="900" y="215" />
            </Array>
          </mxGeometry>
        </mxCell>
        <mxCell id="1lM66wuY4Xb7z_h3Wuy2-59" value="Receives item/fix" style="edgeLabel;html=1;align=center;verticalAlign=middle;resizable=0;points=[];rotation=-90;" parent="1lM66wuY4Xb7z_h3Wuy2-58" vertex="1" connectable="0">
          <mxGeometry x="0.7779" y="-1" relative="1" as="geometry">
            <mxPoint as="offset" />
          </mxGeometry>
        </mxCell>
        <mxCell id="1lM66wuY4Xb7z_h3Wuy2-62" style="edgeStyle=orthogonalEdgeStyle;rounded=0;orthogonalLoop=1;jettySize=auto;html=1;entryX=0;entryY=0.5;entryDx=0;entryDy=0;" parent="1" source="1lM66wuY4Xb7z_h3Wuy2-48" target="1lM66wuY4Xb7z_h3Wuy2-60" edge="1">
          <mxGeometry relative="1" as="geometry">
            <Array as="points">
              <mxPoint x="155" y="755" />
            </Array>
          </mxGeometry>
        </mxCell>
        <mxCell id="1lM66wuY4Xb7z_h3Wuy2-63" value="Fixing or replacing item" style="edgeLabel;html=1;align=center;verticalAlign=middle;resizable=0;points=[];" parent="1lM66wuY4Xb7z_h3Wuy2-62" vertex="1" connectable="0">
          <mxGeometry x="0.032" y="-1" relative="1" as="geometry">
            <mxPoint x="7" y="-1" as="offset" />
          </mxGeometry>
        </mxCell>
        <mxCell id="1lM66wuY4Xb7z_h3Wuy2-64" style="edgeStyle=orthogonalEdgeStyle;rounded=0;orthogonalLoop=1;jettySize=auto;html=1;exitX=0;exitY=1;exitDx=0;exitDy=0;entryX=0.5;entryY=1;entryDx=0;entryDy=0;" parent="1" source="1lM66wuY4Xb7z_h3Wuy2-48" target="1lM66wuY4Xb7z_h3Wuy2-61" edge="1">
          <mxGeometry relative="1" as="geometry">
            <mxPoint x="130" y="820" as="targetPoint" />
            <Array as="points">
              <mxPoint x="130" y="810" />
              <mxPoint x="710" y="810" />
            </Array>
          </mxGeometry>
        </mxCell>
        <mxCell id="1lM66wuY4Xb7z_h3Wuy2-65" value="Fixing or replacing item" style="edgeLabel;html=1;align=center;verticalAlign=middle;resizable=0;points=[];" parent="1lM66wuY4Xb7z_h3Wuy2-64" vertex="1" connectable="0">
          <mxGeometry x="0.5811" y="-4" relative="1" as="geometry">
            <mxPoint y="-4" as="offset" />
          </mxGeometry>
        </mxCell>
        <mxCell id="1lM66wuY4Xb7z_h3Wuy2-48" value="&lt;b&gt;Manage&lt;br&gt;requests&lt;br&gt;&lt;/b&gt;" style="shape=ellipse;html=1;dashed=0;whitespace=wrap;aspect=fixed;perimeter=ellipsePerimeter;fillColor=#e1d5e7;strokeColor=#9673a6;" parent="1" vertex="1">
          <mxGeometry x="120" y="640" width="70" height="70" as="geometry" />
        </mxCell>
        <mxCell id="1lM66wuY4Xb7z_h3Wuy2-66" style="edgeStyle=orthogonalEdgeStyle;rounded=0;orthogonalLoop=1;jettySize=auto;html=1;entryX=0.5;entryY=1;entryDx=0;entryDy=0;" parent="1" source="1lM66wuY4Xb7z_h3Wuy2-60" target="1lM66wuY4Xb7z_h3Wuy2-5" edge="1">
          <mxGeometry relative="1" as="geometry">
            <mxPoint x="340" y="540" as="targetPoint" />
            <Array as="points">
              <mxPoint x="310" y="520" />
              <mxPoint x="410" y="520" />
              <mxPoint x="410" y="460" />
              <mxPoint x="425" y="460" />
            </Array>
          </mxGeometry>
        </mxCell>
        <mxCell id="1lM66wuY4Xb7z_h3Wuy2-67" value="Add/Remove from stock" style="edgeLabel;html=1;align=center;verticalAlign=middle;resizable=0;points=[];rotation=-90;" parent="1lM66wuY4Xb7z_h3Wuy2-66" vertex="1" connectable="0">
          <mxGeometry x="-0.5684" y="-3" relative="1" as="geometry">
            <mxPoint x="-3" y="-33" as="offset" />
          </mxGeometry>
        </mxCell>
        <mxCell id="1lM66wuY4Xb7z_h3Wuy2-60" value="&lt;b&gt;IT&lt;/b&gt;" style="html=1;dashed=0;whitespace=wrap;fillColor=#ffe6cc;strokeColor=#d79b00;" parent="1" vertex="1">
          <mxGeometry x="310" y="730" width="100" height="50" as="geometry" />
        </mxCell>
        <mxCell id="1lM66wuY4Xb7z_h3Wuy2-70" style="edgeStyle=orthogonalEdgeStyle;rounded=0;orthogonalLoop=1;jettySize=auto;html=1;entryX=0.75;entryY=1;entryDx=0;entryDy=0;" parent="1" source="1lM66wuY4Xb7z_h3Wuy2-61" target="1lM66wuY4Xb7z_h3Wuy2-5" edge="1">
          <mxGeometry relative="1" as="geometry">
            <Array as="points">
              <mxPoint x="530" y="755" />
              <mxPoint x="530" y="470" />
              <mxPoint x="450" y="470" />
            </Array>
          </mxGeometry>
        </mxCell>
        <mxCell id="1lM66wuY4Xb7z_h3Wuy2-71" value="Adds/removes from stock" style="edgeLabel;html=1;align=center;verticalAlign=middle;resizable=0;points=[];rotation=-90;" parent="1lM66wuY4Xb7z_h3Wuy2-70" vertex="1" connectable="0">
          <mxGeometry x="-0.3874" y="-3" relative="1" as="geometry">
            <mxPoint x="-3" y="-44" as="offset" />
          </mxGeometry>
        </mxCell>
        <mxCell id="1lM66wuY4Xb7z_h3Wuy2-61" value="&lt;b&gt;Services&lt;/b&gt;" style="html=1;dashed=0;whitespace=wrap;fillColor=#ffe6cc;strokeColor=#d79b00;" parent="1" vertex="1">
          <mxGeometry x="660" y="730" width="100" height="50" as="geometry" />
        </mxCell>
      </root>
    </mxGraphModel>
  </diagram>
</mxfile>
