<mxfile host="app.diagrams.net" modified="2023-01-21T16:35:34.687Z" agent="5.0 (Windows NT 10.0; Win64; x64) AppleWebKit/537.36 (KHTML, like Gecko) Chrome/109.0.0.0 Safari/537.36" etag="Cdy_LeHJNZ9BgAEgA50X" version="20.8.5" type="github">
  <diagram id="qseVJ8XCeDgXtjV10w7f" name="Page-1">
    <mxGraphModel dx="1050" dy="585" grid="1" gridSize="10" guides="1" tooltips="1" connect="1" arrows="1" fold="1" page="1" pageScale="1" pageWidth="850" pageHeight="1100" math="0" shadow="0">
      <root>
        <mxCell id="0" />
        <mxCell id="1" parent="0" />
        <mxCell id="JZVZ91wUVHQxZtPbLm6f-18" style="edgeStyle=orthogonalEdgeStyle;shape=connector;curved=1;rounded=1;orthogonalLoop=1;jettySize=auto;html=1;entryX=0.5;entryY=1;entryDx=0;entryDy=0;labelBackgroundColor=default;strokeColor=default;fontFamily=Helvetica;fontSize=11;fontColor=default;startArrow=none;startFill=0;endArrow=block;endFill=1;" parent="1" source="JZVZ91wUVHQxZtPbLm6f-1" target="JZVZ91wUVHQxZtPbLm6f-10" edge="1">
          <mxGeometry relative="1" as="geometry" />
        </mxCell>
        <mxCell id="JZVZ91wUVHQxZtPbLm6f-19" value="Shows items condition, etc" style="edgeLabel;html=1;align=center;verticalAlign=middle;resizable=0;points=[];fontSize=11;fontFamily=Helvetica;fontColor=default;" parent="JZVZ91wUVHQxZtPbLm6f-18" vertex="1" connectable="0">
          <mxGeometry x="-0.2662" y="12" relative="1" as="geometry">
            <mxPoint as="offset" />
          </mxGeometry>
        </mxCell>
        <mxCell id="JZVZ91wUVHQxZtPbLm6f-1" value="Inventory &lt;br&gt;System" style="shape=ellipse;html=1;dashed=0;whitespace=wrap;aspect=fixed;perimeter=ellipsePerimeter;fillColor=#e1d5e7;strokeColor=#9673a6;" parent="1" vertex="1">
          <mxGeometry x="445" y="320" width="80" height="80" as="geometry" />
        </mxCell>
        <mxCell id="JZVZ91wUVHQxZtPbLm6f-3" style="edgeStyle=orthogonalEdgeStyle;orthogonalLoop=1;jettySize=auto;html=1;curved=1;endArrow=block;endFill=1;" parent="1" source="JZVZ91wUVHQxZtPbLm6f-2" target="JZVZ91wUVHQxZtPbLm6f-1" edge="1">
          <mxGeometry relative="1" as="geometry" />
        </mxCell>
        <mxCell id="JZVZ91wUVHQxZtPbLm6f-9" value="Makes requests&amp;nbsp;" style="edgeLabel;html=1;align=center;verticalAlign=middle;resizable=0;points=[];fontSize=11;fontFamily=Helvetica;fontColor=default;" parent="JZVZ91wUVHQxZtPbLm6f-3" vertex="1" connectable="0">
          <mxGeometry x="-0.1494" y="-18" relative="1" as="geometry">
            <mxPoint as="offset" />
          </mxGeometry>
        </mxCell>
        <mxCell id="JZVZ91wUVHQxZtPbLm6f-2" value="&lt;b&gt;User&lt;/b&gt;" style="html=1;dashed=0;whitespace=wrap;fillColor=#ffe6cc;strokeColor=#d79b00;" parent="1" vertex="1">
          <mxGeometry x="210" y="190" width="100" height="50" as="geometry" />
        </mxCell>
        <mxCell id="JZVZ91wUVHQxZtPbLm6f-10" value="&lt;b&gt;Finance&lt;/b&gt;" style="html=1;dashed=0;whitespace=wrap;fillColor=#ffe6cc;strokeColor=#d79b00;" parent="1" vertex="1">
          <mxGeometry x="550" y="210" width="100" height="50" as="geometry" />
        </mxCell>
        <mxCell id="JZVZ91wUVHQxZtPbLm6f-14" value="" style="endArrow=classic;html=1;rounded=1;labelBackgroundColor=default;strokeColor=default;fontFamily=Helvetica;fontSize=11;fontColor=default;shape=connector;curved=1;exitX=0;exitY=0.5;exitDx=0;exitDy=0;entryX=0.5;entryY=1;entryDx=0;entryDy=0;" parent="1" source="JZVZ91wUVHQxZtPbLm6f-1" target="JZVZ91wUVHQxZtPbLm6f-2" edge="1">
          <mxGeometry width="50" height="50" relative="1" as="geometry">
            <mxPoint x="375" y="380" as="sourcePoint" />
            <mxPoint x="425" y="330" as="targetPoint" />
            <Array as="points">
              <mxPoint x="240" y="310" />
            </Array>
          </mxGeometry>
        </mxCell>
        <mxCell id="JZVZ91wUVHQxZtPbLm6f-15" value="Receives stock/fixes" style="edgeLabel;html=1;align=center;verticalAlign=middle;resizable=0;points=[];fontSize=11;fontFamily=Helvetica;fontColor=default;" parent="JZVZ91wUVHQxZtPbLm6f-14" vertex="1" connectable="0">
          <mxGeometry x="-0.1701" y="-8" relative="1" as="geometry">
            <mxPoint as="offset" />
          </mxGeometry>
        </mxCell>
        <mxCell id="JZVZ91wUVHQxZtPbLm6f-22" style="edgeStyle=orthogonalEdgeStyle;shape=connector;curved=1;rounded=1;orthogonalLoop=1;jettySize=auto;html=1;exitX=0.5;exitY=1;exitDx=0;exitDy=0;entryX=1;entryY=0.5;entryDx=0;entryDy=0;labelBackgroundColor=default;strokeColor=default;fontFamily=Helvetica;fontSize=11;fontColor=default;startArrow=none;startFill=0;endArrow=block;endFill=1;" parent="1" source="JZVZ91wUVHQxZtPbLm6f-1" target="JZVZ91wUVHQxZtPbLm6f-20" edge="1">
          <mxGeometry relative="1" as="geometry" />
        </mxCell>
        <mxCell id="JZVZ91wUVHQxZtPbLm6f-28" value="Every info about the stock" style="edgeLabel;html=1;align=center;verticalAlign=middle;resizable=0;points=[];fontSize=11;fontFamily=Helvetica;fontColor=default;" parent="JZVZ91wUVHQxZtPbLm6f-22" vertex="1" connectable="0">
          <mxGeometry x="0.259" y="-24" relative="1" as="geometry">
            <mxPoint x="-35" y="-1" as="offset" />
          </mxGeometry>
        </mxCell>
        <mxCell id="JZVZ91wUVHQxZtPbLm6f-24" style="edgeStyle=orthogonalEdgeStyle;shape=connector;orthogonalLoop=1;jettySize=auto;html=1;entryX=0;entryY=1;entryDx=0;entryDy=0;labelBackgroundColor=default;strokeColor=default;fontFamily=Helvetica;fontSize=11;fontColor=default;startArrow=none;startFill=0;endArrow=block;endFill=1;curved=1;" parent="1" source="JZVZ91wUVHQxZtPbLm6f-20" target="JZVZ91wUVHQxZtPbLm6f-1" edge="1">
          <mxGeometry relative="1" as="geometry">
            <Array as="points">
              <mxPoint x="260" y="388" />
            </Array>
          </mxGeometry>
        </mxCell>
        <mxCell id="JZVZ91wUVHQxZtPbLm6f-25" value="Adding/removing users" style="edgeLabel;html=1;align=center;verticalAlign=middle;resizable=0;points=[];fontSize=11;fontFamily=Helvetica;fontColor=default;" parent="JZVZ91wUVHQxZtPbLm6f-24" vertex="1" connectable="0">
          <mxGeometry x="0.026" y="-32" relative="1" as="geometry">
            <mxPoint as="offset" />
          </mxGeometry>
        </mxCell>
        <mxCell id="JZVZ91wUVHQxZtPbLm6f-26" style="edgeStyle=orthogonalEdgeStyle;shape=connector;curved=1;rounded=1;orthogonalLoop=1;jettySize=auto;html=1;exitX=1;exitY=0.75;exitDx=0;exitDy=0;entryX=0.735;entryY=0.933;entryDx=0;entryDy=0;entryPerimeter=0;labelBackgroundColor=default;strokeColor=default;fontFamily=Helvetica;fontSize=11;fontColor=default;startArrow=none;startFill=0;endArrow=block;endFill=1;" parent="1" source="JZVZ91wUVHQxZtPbLm6f-20" target="JZVZ91wUVHQxZtPbLm6f-1" edge="1">
          <mxGeometry relative="1" as="geometry">
            <Array as="points">
              <mxPoint x="310" y="570" />
              <mxPoint x="504" y="570" />
            </Array>
          </mxGeometry>
        </mxCell>
        <mxCell id="JZVZ91wUVHQxZtPbLm6f-27" value="Checks stock" style="edgeLabel;html=1;align=center;verticalAlign=middle;resizable=0;points=[];fontSize=11;fontFamily=Helvetica;fontColor=default;" parent="JZVZ91wUVHQxZtPbLm6f-26" vertex="1" connectable="0">
          <mxGeometry x="-0.1284" y="15" relative="1" as="geometry">
            <mxPoint as="offset" />
          </mxGeometry>
        </mxCell>
        <mxCell id="JZVZ91wUVHQxZtPbLm6f-20" value="&lt;b&gt;HR&lt;/b&gt;" style="html=1;dashed=0;whitespace=wrap;fillColor=#ffe6cc;strokeColor=#d79b00;" parent="1" vertex="1">
          <mxGeometry x="210" y="510" width="100" height="50" as="geometry" />
        </mxCell>
        <mxCell id="JZVZ91wUVHQxZtPbLm6f-30" style="edgeStyle=orthogonalEdgeStyle;shape=connector;curved=1;rounded=1;orthogonalLoop=1;jettySize=auto;html=1;entryX=0.988;entryY=0.635;entryDx=0;entryDy=0;entryPerimeter=0;labelBackgroundColor=default;strokeColor=default;fontFamily=Helvetica;fontSize=11;fontColor=default;startArrow=none;startFill=0;endArrow=block;endFill=1;" parent="1" source="JZVZ91wUVHQxZtPbLm6f-29" target="JZVZ91wUVHQxZtPbLm6f-1" edge="1">
          <mxGeometry relative="1" as="geometry" />
        </mxCell>
        <mxCell id="JZVZ91wUVHQxZtPbLm6f-31" value="Adds/removes&lt;br&gt;from stock" style="edgeLabel;html=1;align=center;verticalAlign=middle;resizable=0;points=[];fontSize=11;fontFamily=Helvetica;fontColor=default;" parent="JZVZ91wUVHQxZtPbLm6f-30" vertex="1" connectable="0">
          <mxGeometry x="-0.1366" y="-4" relative="1" as="geometry">
            <mxPoint y="-8" as="offset" />
          </mxGeometry>
        </mxCell>
        <mxCell id="JZVZ91wUVHQxZtPbLm6f-29" value="&lt;b&gt;Services&lt;/b&gt;" style="html=1;dashed=0;whitespace=wrap;fillColor=#ffe6cc;strokeColor=#d79b00;" parent="1" vertex="1">
          <mxGeometry x="640" y="380" width="100" height="50" as="geometry" />
        </mxCell>
        <mxCell id="JZVZ91wUVHQxZtPbLm6f-33" style="edgeStyle=orthogonalEdgeStyle;shape=connector;curved=1;rounded=1;orthogonalLoop=1;jettySize=auto;html=1;entryX=1;entryY=1;entryDx=0;entryDy=0;labelBackgroundColor=default;strokeColor=default;fontFamily=Helvetica;fontSize=11;fontColor=default;startArrow=none;startFill=0;endArrow=block;endFill=1;" parent="1" source="JZVZ91wUVHQxZtPbLm6f-32" target="JZVZ91wUVHQxZtPbLm6f-1" edge="1">
          <mxGeometry relative="1" as="geometry" />
        </mxCell>
        <mxCell id="JZVZ91wUVHQxZtPbLm6f-35" value="Adds/removes from stock" style="edgeLabel;html=1;align=center;verticalAlign=middle;resizable=0;points=[];fontSize=11;fontFamily=Helvetica;fontColor=default;" parent="JZVZ91wUVHQxZtPbLm6f-33" vertex="1" connectable="0">
          <mxGeometry x="0.1196" y="-16" relative="1" as="geometry">
            <mxPoint x="41" y="-3" as="offset" />
          </mxGeometry>
        </mxCell>
        <mxCell id="JZVZ91wUVHQxZtPbLm6f-32" value="&lt;b&gt;IT&lt;/b&gt;" style="html=1;dashed=0;whitespace=wrap;fillColor=#ffe6cc;strokeColor=#d79b00;" parent="1" vertex="1">
          <mxGeometry x="590" y="480" width="100" height="50" as="geometry" />
        </mxCell>
      </root>
    </mxGraphModel>
  </diagram>
</mxfile>
